Date,Close/Last,Volume,Open,High,Low
08/24/2025,113276.00,N/A,115036.00,113665.00,112176.00
08/23/2025,114979.00,N/A,115563.00,115663.00,114939.00
08/22/2025,115501.00,N/A,112922.00,117024.00,115455.00
08/21/2025,113003.00,N/A,113962.00,113522.00,112343.00
08/20/2025,114089.00,N/A,113532.00,114776.00,113912.00
08/19/2025,113494.00,N/A,114857.00,113644.00,112688.00
08/18/2025,114896.00,N/A,115338.00,116729.00,114890.00
08/17/2025,115222.00,N/A,117694.00,117553.00,115017.00
08/16/2025,117480.00,N/A,118971.00,117915.00,117257.00
08/15/2025,117575.00,N/A,118988.00,117915.00,117257.00
08/14/2025,118947.00,N/A,123362.00,119098.00,118057.00
08/13/2025,123361.00,N/A,119481.00,124437.00,123282.00
08/12/2025,119572.00,N/A,118865.00,120181.00,119102.00
08/11/2025,118867.00,N/A,121737.00,119278.00,118619.00
08/10/2025,118121.00,N/A,116528.00,119109.00,116468.00
08/09/2025,118171.00,N/A,116387.00,118482.00,116468.00
08/08/2025,116383.00,N/A,116745.00,116753.00,116364.00
08/07/2025,116724.00,N/A,114552.00,117625.00,116702.00
08/06/2025,114587.00,N/A,113522.00,115194.00,114412.00
08/05/2025,113597.00,N/A,114254.00,114132.00,113414.00
08/04/2025,114289.00,N/A,114590.00,115112.00,114260.00
08/03/2025,114582.00,N/A,113624.00,114991.00,114116.00
08/02/2025,113731.00,N/A,113904.00,113740.00,111992.00
08/01/2025,113815.00,N/A,115652.00,113904.00,113209.00
07/31/2025,115655.00,N/A,118444.00,116055.00,114392.00
07/30/2025,118537.00,N/A,118162.00,118537.00,117816.00
07/29/2025,118122.00,N/A,118749.00,118163.00,117430.00
07/28/2025,118675.00,N/A,119280.00,118698.00,117467.00
07/27/2025,119260.00,N/A,118194.00,119788.00,118966.00
07/26/2025,117963.00,N/A,117214.00,118298.00,117151.00
07/25/2025,117595.00,N/A,115420.00,117758.00,117151.00
07/24/2025,115414.00,N/A,118516.00,118450.00,115349.00
07/23/2025,118684.00,N/A,118609.00,119279.00,118584.00
07/22/2025,118607.00,N/A,117200.00,120090.00,118607.00
07/21/2025,117048.00,N/A,118408.00,117912.00,116199.00
07/20/2025,118313.00,N/A,117968.00,118617.00,116541.00
07/19/2025,117968.00,N/A,118340.00,118165.00,117658.00
07/18/2025,118263.00,N/A,120222.00,118389.00,117632.00
07/17/2025,120259.00,N/A,118137.00,120723.00,119057.00
07/16/2025,117849.00,N/A,117321.00,118196.00,117031.00
07/15/2025,117454.00,N/A,117140.00,118196.00,117031.00
07/14/2025,117387.00,N/A,120749.00,119944.00,116908.00
07/13/2025,120913.00,N/A,117756.00,121156.00,118914.00
07/12/2025,117793.00,N/A,117745.00,117828.00,117248.00
07/11/2025,117522.00,N/A,115994.00,118848.00,115262.00
07/10/2025,116726.00,N/A,111082.00,116782.00,115262.00
07/09/2025,111057.00,N/A,108380.00,111529.00,110894.00
07/08/2025,108371.00,N/A,107912.00,109137.00,108367.00
07/07/2025,107937.00,N/A,109393.00,108528.00,107474.00
07/06/2025,109404.00,N/A,108054.00,109687.00,108684.00
07/05/2025,108035.00,N/A,108159.00,108267.00,108030.00
07/04/2025,108174.00,N/A,109246.00,108264.00,107798.00
07/03/2025,109257.00,N/A,108639.00,109724.00,109117.00
07/02/2025,108711.00,N/A,106191.00,109113.00,108551.00
07/01/2025,106192.00,N/A,107203.00,106226.00,105164.00
06/30/2025,107180.00,N/A,108510.00,107532.00,107046.00
06/29/2025,108534.00,N/A,107218.00,108777.00,108262.00
06/28/2025,107218.00,N/A,107308.00,107506.00,107188.00
06/27/2025,107255.00,N/A,107486.00,107255.00,106822.00
06/26/2025,107519.00,N/A,107872.00,107520.00,106491.00
06/25/2025,107838.00,N/A,106246.00,108261.00,107118.00
06/24/2025,106259.00,N/A,104959.00,106776.00,105828.00
06/23/2025,104945.00,N/A,101152.00,105477.00,104744.00
06/22/2025,101153.00,N/A,102380.00,101558.00,100506.00
06/21/2025,102151.00,N/A,103507.00,103300.00,101863.00
06/20/2025,103617.00,N/A,104610.00,103698.00,103133.00
06/19/2025,104617.00,N/A,105103.00,104820.00,104405.00
06/18/2025,104964.00,N/A,105185.00,105209.00,104493.00
06/17/2025,104994.00,N/A,107506.00,105174.00,104385.00
06/16/2025,107588.00,N/A,105927.00,107747.00,106163.00
06/15/2025,105906.00,N/A,105483.00,105961.00,104994.00
06/14/2025,105512.00,N/A,105238.00,105685.00,105303.00
06/13/2025,105209.00,N/A,104330.00,106197.00,105209.00
06/12/2025,104098.00,N/A,107874.00,105703.00,102740.00
06/11/2025,107884.00,N/A,109725.00,108776.00,107745.00
06/10/2025,109567.00,N/A,107763.00,110303.00,109064.00
06/09/2025,109514.00,N/A,105663.00,110303.00,109392.00
06/08/2025,105436.00,N/A,104762.00,105772.00,105408.00
06/07/2025,105814.00,N/A,104407.00,105912.00,103911.00
06/06/2025,104880.00,N/A,102508.00,104909.00,103911.00
06/05/2025,102513.00,N/A,105052.00,102524.00,101128.00
06/04/2025,105070.00,N/A,105533.00,105245.00,104663.00
06/03/2025,105582.00,N/A,105483.00,105841.00,105149.00
06/02/2025,105514.00,N/A,104840.00,106490.00,105354.00
06/01/2025,104904.00,N/A,104385.00,105732.00,104584.00
05/31/2025,103495.00,N/A,105884.00,104267.00,103091.00
05/30/2025,103675.00,N/A,106016.00,104267.00,103091.00
05/29/2025,106021.00,N/A,108049.00,106193.00,104716.00
05/28/2025,108045.00,N/A,108872.00,108485.00,107465.00
05/27/2025,108925.00,N/A,108898.00,109238.00,108414.00
05/26/2025,108951.00,N/A,109616.00,109665.00,107572.00
05/25/2025,109633.00,N/A,108093.00,109840.00,108694.00
05/24/2025,108191.00,N/A,108349.00,108236.00,107230.00
05/23/2025,108121.00,N/A,111121.00,108335.00,106905.00
05/22/2025,111129.00,N/A,111749.00,111779.00,111039.00
05/21/2025,111831.00,N/A,106841.00,111831.00,109282.00
05/20/2025,107030.00,N/A,105767.00,107198.00,106211.00
05/19/2025,105681.00,N/A,103631.00,106808.00,105561.00
05/18/2025,103927.00,N/A,103296.00,107081.00,103765.00
05/17/2025,103263.00,N/A,103514.00,103412.00,103114.00
05/16/2025,103477.00,N/A,104029.00,103546.00,102627.00
05/15/2025,104080.00,N/A,102764.00,104450.00,103473.00
05/14/2025,102884.00,N/A,103586.00,103867.00,102781.00
05/13/2025,103570.00,N/A,101726.00,104116.00,103475.00
05/12/2025,101658.00,N/A,104089.00,102795.00,101510.00
05/11/2025,104075.00,N/A,104031.00,105032.00,103711.00
05/10/2025,104113.00,N/A,103226.00,104931.00,103477.00
05/09/2025,103178.00,N/A,102460.00,103267.00,102837.00
05/08/2025,102442.00,N/A,99154.50,103271.00,102366.00
05/07/2025,98987.30,N/A,96510.20,99153.10,96901.90
05/06/2025,94440.50,N/A,94772.10,94927.70,94051.50
05/05/2025,94510.30,N/A,94062.20,94927.70,94051.50
05/04/2025,94119.10,N/A,95737.20,94819.50,93590.80
05/03/2025,96120.20,N/A,96889.90,96922.20,96110.40
05/02/2025,96398.90,N/A,97109.00,96922.20,96317.90
05/01/2025,97165.10,N/A,94780.90,97232.00,96481.60
04/30/2025,94799.50,N/A,95009.50,95025.00,94168.10
04/29/2025,94976.90,N/A,94662.60,94986.20,94154.00
04/28/2025,94767.30,N/A,93855.20,95436.80,94461.40
04/27/2025,93829.50,N/A,94154.50,93953.80,92818.90
04/26/2025,94183.80,N/A,94750.10,95324.40,94081.70
04/25/2025,94759.50,N/A,93316.20,95207.00,94562.30
04/24/2025,93381.30,N/A,92689.30,94421.00,92867.20
04/23/2025,92757.80,N/A,93171.50,93785.10,92739.10
04/22/2025,93077.50,N/A,88157.50,93839.70,92621.10
04/21/2025,88153.50,N/A,87166.70,88826.50,87105.20
04/20/2025,87237.00,N/A,85167.50,87602.50,85148.80
04/19/2025,85139.10,N/A,84881.20,85321.00,85048.80
04/18/2025,84882.70,N/A,84829.80,84971.70,84366.50
04/17/2025,84808.90,N/A,83995.30,85106.10,84733.40
04/16/2025,83976.70,N/A,83718.10,84475.90,83822.80
04/15/2025,83711.50,N/A,85379.30,83949.10,83143.50
04/14/2025,85329.60,N/A,84563.90,85401.10,84357.10
04/13/2025,84582.10,N/A,85453.80,85521.90,83705.20
04/12/2025,85526.40,N/A,82967.70,85999.50,84749.90
04/11/2025,83084.10,N/A,80812.40,83558.10,82828.00
04/10/2025,80775.10,N/A,81754.00,80805.40,79004.20
04/09/2025,81683.20,N/A,75051.10,82737.50,81482.20
04/08/2025,75210.70,N/A,79894.60,76830.70,74657.30
04/07/2025,79783.00,N/A,77701.40,80839.80,78860.20
04/06/2025,77425.30,N/A,83334.70,79315.60,77364.50
04/05/2025,83285.70,N/A,83643.50,83731.70,83184.60
04/04/2025,83724.00,N/A,82803.00,84249.30,83472.90
04/03/2025,82806.90,N/A,83474.40,83396.30,82621.30
04/02/2025,83465.90,N/A,84568.00,83908.90,82193.80
04/01/2025,84595.60,N/A,82961.30,85249.60,84528.70
03/31/2025,83003.00,N/A,81520.70,83238.20,82435.80
03/30/2025,81573.80,N/A,83099.50,82408.00,81300.10
03/29/2025,82450.50,N/A,84410.40,84603.40,81668.20
03/28/2025,84234.70,N/A,86794.60,84603.40,83727.60
03/27/2025,86798.80,N/A,87663.60,87507.50,86764.30
03/26/2025,87641.40,N/A,87153.80,87751.40,86808.00
03/25/2025,87079.20,N/A,86523.60,87877.90,87079.20
03/24/2025,86501.20,N/A,86557.90,87680.40,86363.40
03/23/2025,86390.10,N/A,84207.50,86609.50,85541.60
03/22/2025,84249.10,N/A,84251.20,84275.40,83812.70
03/21/2025,84222.60,N/A,84446.90,84329.70,83987.30
03/20/2025,84476.00,N/A,85893.10,84831.00,84176.00
03/19/2025,85863.20,N/A,83047.50,87419.00,85658.00
03/18/2025,82962.40,N/A,83145.60,83243.70,82557.50
03/17/2025,83746.50,N/A,83054.20,84019.10,83722.60
03/16/2025,83665.40,N/A,84341.50,83665.40,82565.10
03/15/2025,84295.10,N/A,84492.80,84364.60,83753.50
03/14/2025,84479.00,N/A,81891.20,84679.50,83974.20
03/13/2025,81809.90,N/A,83576.20,82241.10,80833.20
03/12/2025,83632.90,N/A,82123.00,84292.00,83357.20
03/11/2025,82222.10,N/A,79510.00,83750.20,82146.10
03/10/2025,79647.50,N/A,82045.60,79813.60,76677.10
03/09/2025,82197.80,N/A,86124.60,82697.00,80122.60
03/08/2025,86027.70,N/A,86459.00,86498.60,85959.80
03/07/2025,86485.80,N/A,87663.80,86886.80,85264.60
03/06/2025,87609.30,N/A,92283.40,90978.90,84864.30
03/05/2025,92242.80,N/A,86887.70,92245.10,89994.60
03/04/2025,87008.00,N/A,83380.90,87870.10,86429.40
03/03/2025,83745.70,N/A,92846.70,86756.40,82558.20
03/02/2025,92940.10,N/A,85747.20,94266.10,92454.30
03/01/2025,85827.00,N/A,84290.50,86546.30,83837.30
02/28/2025,86074.40,N/A,84290.50,86546.30,83837.30
02/27/2025,80505.00,N/A,84737.30,84876.30,79535.10
02/26/2025,85147.00,N/A,88142.00,85401.80,84085.50
02/25/2025,88825.90,N/A,91843.00,89375.30,88136.20
02/24/2025,92095.20,N/A,96251.60,92523.10,91014.60
02/23/2025,95343.70,N/A,96654.90,96497.90,95118.70
02/22/2025,96437.70,N/A,96178.60,96655.20,96383.10
02/21/2025,96376.20,N/A,98242.30,96463.80,95801.10
02/20/2025,98206.60,N/A,96856.10,98509.90,98096.60
02/19/2025,97194.10,N/A,96644.80,97347.70,96441.90
02/18/2025,95439.10,N/A,95638.00,95930.00,95057.50
02/17/2025,95985.70,N/A,96035.10,96319.90,95559.70
02/16/2025,96115.50,N/A,97532.80,96612.60,96041.20
02/15/2025,97526.40,N/A,97665.40,97706.50,97431.60
02/14/2025,97556.30,N/A,96753.80,97973.20,97252.50
02/13/2025,96789.00,N/A,96932.80,97222.40,96399.00
02/12/2025,97003.80,N/A,95543.20,98079.60,97003.80
02/11/2025,95525.60,N/A,98070.90,96259.80,95128.90
02/10/2025,98069.60,N/A,96938.90,98115.40,97434.00
02/09/2025,96852.70,N/A,96218.70,97297.80,96369.00
02/08/2025,96623.30,N/A,95981.20,96862.80,95716.10
02/07/2025,96402.10,N/A,97460.60,96862.80,96237.10
02/06/2025,97467.50,N/A,97623.40,97872.20,96424.20
02/05/2025,97631.20,N/A,98042.50,97824.00,96510.60
02/04/2025,98213.40,N/A,100069.00,98890.50,97183.60
02/03/2025,100151.00,N/A,92749.80,101693.00,100151.00
02/02/2025,93027.20,N/A,99539.80,97686.00,91695.80
02/01/2025,100785.00,N/A,102142.00,102771.00,100748.00
01/31/2025,102381.00,N/A,104005.00,102771.00,102138.00
01/30/2025,104197.00,N/A,105498.00,105001.00,103959.00
01/29/2025,105361.00,N/A,102007.00,105364.00,103388.00
01/28/2025,102070.00,N/A,102920.00,102275.00,101342.00
01/27/2025,102979.00,N/A,100400.00,103362.00,101356.00
01/26/2025,100482.00,N/A,105153.00,103235.00,100447.00
01/25/2025,105214.00,N/A,104644.00,105400.00,104521.00
01/24/2025,104861.00,N/A,104657.00,105256.00,104390.00
01/23/2025,104563.00,N/A,102031.00,104719.00,102760.00
01/22/2025,102011.00,N/A,105580.00,103789.00,101597.00
01/21/2025,105559.00,N/A,102316.00,106266.00,105366.00
01/20/2025,102312.00,N/A,102228.00,103190.00,100193.00
01/19/2025,102381.00,N/A,104947.00,102733.00,99676.00
01/18/2025,104860.00,N/A,103581.00,105416.00,104014.00
01/17/2025,103429.00,N/A,101480.00,104661.00,102729.00
01/16/2025,101217.00,N/A,99604.90,102089.00,99956.20
01/15/2025,99589.90,N/A,97187.20,100812.00,99301.10
01/14/2025,97183.00,N/A,95120.10,97702.70,96501.90
01/13/2025,94984.10,N/A,94552.90,95268.40,94359.50
01/12/2025,94524.30,N/A,94583.60,95906.90,93902.20
01/11/2025,94609.70,N/A,94061.80,94694.40,94297.10
01/10/2025,93910.40,N/A,93771.00,94723.60,93847.80
01/09/2025,93724.00,N/A,94428.60,93857.30,92474.10
01/08/2025,94312.00,N/A,96276.60,95323.10,93527.70
01/07/2025,96207.20,N/A,101689.00,97266.40,96145.80
01/06/2025,101787.00,N/A,99469.90,102678.00,101548.00
01/05/2025,99318.10,N/A,98355.80,99425.40,97932.30
01/04/2025,98383.30,N/A,97993.80,98511.70,98048.20
01/03/2025,97948.50,N/A,96793.30,98297.50,97808.90
01/02/2025,96766.00,N/A,95664.60,97292.90,96647.70
01/01/2025,95886.00,N/A,93527.30,95962.40,94381.20
12/31/2024,93631.30,N/A,92429.30,94425.30,93470.00
12/30/2024,92408.60,N/A,93260.90,92863.20,92036.20
12/29/2024,93468.70,N/A,95157.90,94220.20,93360.10
12/28/2024,95097.00,N/A,94561.70,95315.40,94811.10
12/27/2024,94534.00,N/A,96395.40,94669.20,94124.70
12/26/2024,96343.70,N/A,98958.10,96553.80,95391.10
12/25/2024,98395.50,N/A,98019.10,99922.50,98324.00
12/24/2024,98263.50,N/A,94345.00,98839.70,97722.30
12/23/2024,94142.80,N/A,96014.20,94855.10,93566.20
12/22/2024,95836.20,N/A,96985.30,96487.50,93751.20
12/21/2024,96219.20,N/A,97585.20,97422.20,96194.90
12/20/2024,97570.70,N/A,97300.60,97809.80,97190.00
12/19/2024,97414.30,N/A,100651.00,97803.20,95995.20
12/18/2024,100811.00,N/A,103889.00,101269.00,98909.90
12/17/2024,103696.00,N/A,106504.00,106478.00,103605.00
12/16/2024,106484.00,N/A,104675.00,106961.00,105686.00
12/15/2024,104508.00,N/A,102358.00,106569.00,104296.00
12/14/2024,102202.00,N/A,101686.00,102834.00,101235.00
12/13/2024,101700.00,N/A,100003.00,102633.00,101150.00
12/12/2024,100051.00,N/A,100677.00,100351.00,99214.20
12/11/2024,100656.00,N/A,97543.20,101828.00,100345.00
12/10/2024,97560.20,N/A,97024.70,97622.70,95689.50
12/09/2024,96719.30,N/A,99417.20,98131.60,95587.80
12/08/2024,99736.00,N/A,99165.80,100317.00,99354.50
12/07/2024,99939.70,N/A,100412.00,100442.00,98969.00
12/06/2024,99566.70,N/A,97881.00,100442.00,99099.30
12/05/2024,97954.10,N/A,103316.00,98795.80,96452.00
12/04/2024,103127.00,N/A,95998.30,103719.00,97949.10
12/03/2024,95833.30,N/A,95918.80,96606.50,95344.20
12/02/2024,95942.40,N/A,96728.00,96228.70,95407.80
12/01/2024,96642.00,N/A,96486.50,98082.00,96137.30
11/30/2024,96403.90,N/A,96688.10,96667.50,95721.80
11/29/2024,96672.10,N/A,96258.80,97461.90,96371.50
11/28/2024,96407.60,N/A,95760.20,96825.40,95405.70
11/27/2024,95649.20,N/A,92538.40,96549.00,94867.10
11/26/2024,92549.20,N/A,94300.60,93179.10,91795.50
11/25/2024,94440.20,N/A,97814.60,94909.30,92827.30
11/24/2024,97706.50,N/A,98188.20,98051.90,96953.40
11/23/2024,98096.20,N/A,98622.30,98552.60,97644.00
11/22/2024,98429.40,N/A,98804.50,98927.20,98341.80
11/21/2024,98817.00,N/A,97487.40,99289.30,97868.90
11/20/2024,96865.20,N/A,92147.20,96904.80,94063.80
11/19/2024,92191.10,N/A,91506.80,92419.70,91517.40
11/18/2024,91376.00,N/A,90445.60,91805.70,90378.70
11/17/2024,90532.00,N/A,90384.40,90916.60,89674.20
11/16/2024,90469.50,N/A,91274.60,90883.90,89387.70
11/15/2024,91239.90,N/A,87443.80,91673.90,90863.50
11/14/2024,87221.60,N/A,90100.60,88463.70,87118.80
11/13/2024,90015.60,N/A,87216.00,90523.20,89375.10
11/12/2024,86313.80,N/A,88474.40,88533.40,86313.80
11/11/2024,88728.20,N/A,81468.00,89436.10,86742.60
11/10/2024,81361.70,N/A,79079.20,81792.40,80231.80
11/09/2024,76383.30,N/A,76371.80,76793.80,75732.50
11/08/2024,76369.60,N/A,75849.10,76629.30,76147.00
11/07/2024,75901.80,N/A,74730.50,76359.50,75599.00
11/06/2024,74675.10,N/A,74457.10,75995.30,74627.80
11/05/2024,74552.90,N/A,68335.70,74954.60,69323.00
11/04/2024,68346.00,N/A,69038.40,68489.70,67473.60
11/03/2024,69121.00,N/A,68378.60,69483.40,68257.50
11/02/2024,68423.00,N/A,69660.60,69383.60,67882.50
11/01/2024,69671.20,N/A,69557.60,69896.90,69478.70
10/31/2024,69369.80,N/A,72551.60,70445.20,68860.50
10/30/2024,72354.70,N/A,72339.20,72589.80,72043.80
10/29/2024,72233.80,N/A,71181.80,72772.60,72016.40
10/28/2024,70943.70,N/A,67724.50,71521.00,69753.20
10/27/2024,67706.10,N/A,67279.10,68102.90,67673.60
10/26/2024,67032.20,N/A,66690.80,67119.50,66924.60
10/25/2024,66884.20,N/A,67995.50,67007.00,66443.80
10/24/2024,68017.30,N/A,67216.50,68266.60,67832.20
10/23/2024,67266.70,N/A,67074.90,67588.00,66510.60
10/22/2024,67342.30,N/A,67494.00,67441.10,67134.30
10/21/2024,67362.90,N/A,68936.70,67684.00,66609.40
10/20/2024,68883.80,N/A,68187.50,69490.80,68599.20
10/19/2024,68165.60,N/A,68448.70,68444.70,67443.90
10/18/2024,68498.70,N/A,67555.80,68688.80,68306.60
10/17/2024,67633.20,N/A,67604.50,68201.30,67190.90
10/16/2024,67656.30,N/A,67096.70,67933.50,67416.80
10/15/2024,67171.20,N/A,65392.10,67557.20,66766.60
10/14/2024,65448.30,N/A,64277.30,66317.50,65379.00
10/13/2024,64052.60,N/A,62703.20,64186.60,62463.70
10/12/2024,62707.20,N/A,62565.80,63284.60,62680.00
10/11/2024,62538.00,N/A,60612.40,63037.90,62486.10
10/10/2024,60659.60,N/A,60857.10,60698.50,60080.60
10/09/2024,60888.80,N/A,62389.10,60947.50,60370.70
10/08/2024,62369.50,N/A,62624.10,62479.30,62010.10
10/07/2024,62596.40,N/A,63529.70,62802.00,62166.90
10/06/2024,63510.80,N/A,61886.20,63958.30,62670.20
10/05/2024,61920.90,N/A,61861.70,62145.70,61889.50
10/04/2024,61931.30,N/A,60950.60,62192.70,61705.70
10/03/2024,60970.00,N/A,61463.20,61269.60,60469.30
10/02/2024,61336.20,N/A,61748.20,61371.10,60544.00
10/01/2024,61774.40,N/A,63722.20,61877.50,60752.20
09/30/2024,63686.50,N/A,64546.90,63734.10,63007.70
09/29/2024,64520.20,N/A,65817.30,65607.00,64215.20
09/28/2024,65756.20,N/A,65989.00,65980.80,65654.80
09/27/2024,66069.10,N/A,65373.50,66232.50,65732.70
09/26/2024,65355.00,N/A,63502.30,65355.00,64839.20
09/25/2024,63503.90,N/A,64456.80,63537.20,62693.30
09/24/2024,64401.60,N/A,63125.50,64788.50,64018.90
09/23/2024,63130.00,N/A,64350.80,63394.40,62740.80
09/22/2024,64414.30,N/A,63108.50,64723.40,62650.00
09/21/2024,63084.30,N/A,62889.90,63441.20,62836.90
09/20/2024,62952.50,N/A,63705.70,63285.70,62829.20
09/19/2024,63563.70,N/A,62116.00,63563.70,62624.80
09/18/2024,62087.10,N/A,60513.20,62539.80,61596.50
09/17/2024,60579.30,N/A,58056.00,60755.00,59911.20
09/16/2024,58111.10,N/A,58576.10,58342.40,57630.20
09/15/2024,58562.00,N/A,60160.00,59204.30,58138.60
09/14/2024,60145.70,N/A,60295.00,60268.20,59994.10
09/13/2024,60350.70,N/A,58053.00,60609.40,60293.70
09/12/2024,57907.80,N/A,57946.60,58240.70,57882.80
09/11/2024,58259.20,N/A,56926.30,58445.70,57335.50
09/10/2024,56777.60,N/A,56777.30,57726.10,56704.80
09/09/2024,56595.30,N/A,55119.80,57059.90,56584.50
09/08/2024,55184.90,N/A,54340.20,55337.40,54740.20
09/07/2024,54179.00,N/A,52865.60,54819.20,53754.30
09/06/2024,53836.60,N/A,56593.90,54066.60,53754.30
09/05/2024,56680.20,N/A,57123.40,56844.80,55996.70
09/04/2024,57118.70,N/A,56653.40,58318.90,56956.40
09/03/2024,56734.50,N/A,59109.70,57929.80,55732.10
09/02/2024,59131.20,N/A,57757.50,59799.70,59046.80
09/01/2024,57647.00,N/A,58526.10,57736.60,57185.80
08/31/2024,58604.20,N/A,59237.30,59058.70,58289.10
08/30/2024,59254.60,N/A,59036.30,59447.00,59084.00
08/29/2024,59076.90,N/A,59143.50,59480.70,58923.60
08/28/2024,59192.70,N/A,62764.50,59649.30,58932.10
08/27/2024,59309.40,N/A,62920.60,59448.30,58932.10
08/26/2024,62960.00,N/A,64118.40,63201.40,62671.00
08/25/2024,64095.50,N/A,64108.30,64472.50,63812.90
08/24/2024,64210.30,N/A,63635.40,64458.90,63643.20
08/23/2024,63817.10,N/A,60597.00,64178.00,63643.20
08/22/2024,60581.80,N/A,60552.20,60922.20,60354.40
08/21/2024,60445.60,N/A,59299.90,61213.10,59815.80
08/20/2024,59233.10,N/A,60604.60,59512.40,58831.10
08/19/2024,60587.70,N/A,58743.20,60878.50,59382.10
08/18/2024,58731.80,N/A,59340.40,58760.80,58274.70
08/17/2024,59515.10,N/A,59154.90,60210.30,59395.30
08/16/2024,59041.20,N/A,57892.40,59387.40,58825.50
08/15/2024,57900.20,N/A,58443.10,58374.20,57129.10
08/14/2024,58475.90,N/A,60966.00,59047.20,58076.70
08/13/2024,61064.20,N/A,59030.10,61268.50,60437.20
08/12/2024,58960.60,N/A,58511.40,59908.70,58890.00
08/11/2024,58554.60,N/A,61097.50,59072.80,58283.40
08/10/2024,61116.20,N/A,60441.20,61361.60,60902.10
08/09/2024,60507.30,N/A,61365.80,61344.50,60322.50
08/08/2024,61285.70,N/A,57079.90,61712.30,60818.50
08/07/2024,57209.10,N/A,56883.10,57635.70,54786.90
08/06/2024,56789.10,N/A,55682.90,57260.50,55641.30
08/05/2024,55701.40,N/A,53942.40,56228.60,53998.20
08/04/2024,54162.30,N/A,60731.10,58291.40,52659.80
08/03/2024,60379.50,N/A,61989.00,62184.20,59914.60
08/02/2024,61813.90,N/A,64598.80,61847.50,60532.90
08/01/2024,64471.70,N/A,63941.20,65567.10,63697.10
07/31/2024,64036.60,N/A,66070.90,64827.60,63763.10
07/30/2024,66047.00,N/A,66609.60,66395.50,65912.20
07/29/2024,66545.20,N/A,69350.60,66868.20,65896.90
07/28/2024,69349.90,N/A,67945.10,69762.00,68178.70
07/27/2024,68039.20,N/A,67802.00,68279.00,67392.90
07/26/2024,67792.40,N/A,67049.90,68080.20,67647.00
07/25/2024,67092.00,N/A,64113.70,67438.50,65764.30
07/24/2024,63991.80,N/A,66054.40,65615.90,63914.40
07/23/2024,66054.50,N/A,67649.90,66105.30,65481.10
07/22/2024,67486.80,N/A,67051.30,68468.90,67484.70
07/21/2024,67923.60,N/A,67292.30,68468.90,67787.90
07/20/2024,67192.60,N/A,66583.40,67395.40,66977.00
07/19/2024,66670.60,N/A,63814.40,66825.60,66257.40
07/18/2024,64290.30,N/A,64700.20,64365.00,63326.10
07/17/2024,64919.90,N/A,65621.90,65040.10,63923.30
07/16/2024,65758.00,N/A,64762.80,66051.50,64975.50
07/15/2024,64773.50,N/A,62653.10,64953.40,64457.30
07/14/2024,62704.30,N/A,59483.50,62745.40,60678.80
07/13/2024,59388.60,N/A,57813.80,59837.80,59207.90
07/12/2024,57861.70,N/A,56918.00,57976.90,57770.60
07/11/2024,56919.70,N/A,57566.60,57563.20,56575.70
07/10/2024,57454.50,N/A,58181.80,58350.30,57095.00
07/09/2024,58151.00,N/A,57167.80,58152.70,57376.90
07/08/2024,57200.80,N/A,55174.90,57299.20,56306.30
07/07/2024,55155.50,N/A,57969.30,56017.00,54320.00
07/06/2024,57860.70,N/A,56592.10,58258.70,57860.00
07/05/2024,56399.90,N/A,55226.50,56975.70,56198.00
07/04/2024,55337.80,N/A,59102.90,57471.10,55109.00
07/03/2024,59045.50,N/A,60957.50,60463.00,58055.40
07/02/2024,60947.20,N/A,63118.80,62263.60,60756.90
07/01/2024,63111.80,N/A,63426.40,63257.00,62794.00
06/30/2024,63434.00,N/A,60888.40,63786.80,62583.40
06/29/2024,60917.50,N/A,60738.10,61061.80,60757.70
06/28/2024,60745.00,N/A,61814.60,60979.20,60382.80
06/27/2024,61805.10,N/A,61006.20,62175.40,61478.00
06/26/2024,61028.50,N/A,61934.90,61206.40,60786.40
06/25/2024,61963.80,N/A,61299.10,62469.40,61652.70
06/24/2024,61376.30,N/A,62857.10,61585.50,60262.20
06/23/2024,62914.20,N/A,64420.00,63357.10,62732.80
06/22/2024,64460.60,N/A,64319.40,64518.90,64261.00
06/21/2024,64275.70,N/A,64512.90,64335.60,63944.00
06/20/2024,64696.40,N/A,65179.00,65054.90,64638.50
06/19/2024,65294.20,N/A,65464.70,65706.40,64843.90
06/18/2024,65430.80,N/A,65483.40,65561.20,64843.90
06/17/2024,65502.20,N/A,66231.80,66571.20,64589.40
06/16/2024,66290.60,N/A,66139.50,66893.00,66243.90
06/15/2024,66039.10,N/A,65735.10,66446.40,65895.10
06/14/2024,66235.00,N/A,66736.20,66274.70,65976.20
06/13/2024,66738.90,N/A,67455.80,67018.00,66495.90
06/12/2024,67322.90,N/A,67403.40,68384.60,67014.50
06/11/2024,67389.80,N/A,68456.90,67577.80,66911.50
06/10/2024,68320.50,N/A,69612.30,69573.30,67969.30
06/09/2024,69611.80,N/A,69259.70,69798.10,69426.00
06/08/2024,69275.00,N/A,69439.30,69337.40,69136.70
06/07/2024,69485.60,N/A,70990.70,69514.70,69295.10
06/06/2024,70979.20,N/A,71053.30,70998.00,70668.00
06/05/2024,71053.70,N/A,70838.60,71237.80,70910.10
06/04/2024,70873.90,N/A,69136.70,71224.50,70433.20
06/03/2024,69154.60,N/A,68408.10,69361.60,68707.90
06/02/2024,68441.30,N/A,67712.60,68778.10,67616.80
06/01/2024,67796.60,N/A,67715.00,67893.30,67641.10
05/31/2024,67715.50,N/A,68535.60,67746.50,67449.60
05/30/2024,68611.50,N/A,68093.50,68705.80,68292.70
05/29/2024,68144.40,N/A,68670.20,68183.00,67462.60
05/28/2024,67796.00,N/A,68392.80,69560.70,67496.10
05/27/2024,67914.30,N/A,68872.30,69560.70,67795.60
05/26/2024,68839.70,N/A,69073.20,69283.60,68480.40
05/25/2024,69124.70,N/A,68754.30,69310.60,68849.10
05/24/2024,68759.50,N/A,67876.90,68889.90,68516.10
05/23/2024,67910.70,N/A,69436.60,68002.00,67635.10
05/22/2024,69337.00,N/A,69952.20,69594.40,69166.30
05/21/2024,69917.40,N/A,71272.90,70343.90,69829.50
05/20/2024,71369.60,N/A,66676.00,71872.00,70754.40
05/19/2024,66680.90,N/A,67169.10,66755.50,66076.50
05/18/2024,67151.90,N/A,66951.70,67284.60,66843.60
05/17/2024,66930.20,N/A,65595.80,67048.70,66752.30
05/16/2024,65646.90,N/A,65984.60,65834.20,65121.70
05/15/2024,66032.20,N/A,61945.60,66643.90,65817.00
05/14/2024,61915.90,N/A,62479.70,62018.00,61357.50
05/13/2024,62403.70,N/A,61172.30,63102.60,62386.10
05/12/2024,61071.90,N/A,60929.70,61790.00,60779.00
05/11/2024,60905.60,N/A,60723.80,61101.10,60806.60
05/10/2024,60745.90,N/A,62916.10,61076.90,60673.40
05/09/2024,62864.30,N/A,61678.50,63090.70,62669.20
05/08/2024,61717.80,N/A,62895.60,61773.60,61152.00
05/07/2024,62945.30,N/A,63239.50,62950.00,62166.20
05/06/2024,63238.40,N/A,63875.30,63955.50,62918.30
05/05/2024,63816.50,N/A,63238.00,64459.50,63722.00
05/04/2024,63203.20,N/A,62710.50,64143.80,62923.90
05/03/2024,62703.20,N/A,59727.30,63515.40,62599.10
05/02/2024,57921.50,N/A,57131.40,58560.20,56989.80
05/01/2024,57526.50,N/A,60241.30,58560.20,56989.80
04/30/2024,60222.80,N/A,63646.40,60827.50,59590.20
04/29/2024,63650.40,N/A,62249.10,64700.20,63142.80
04/28/2024,62655.00,N/A,64016.80,63331.80,62469.70
04/27/2024,64057.30,N/A,63081.40,64346.10,63457.90
04/26/2024,63127.60,N/A,64370.40,63916.70,62507.70
04/25/2024,64366.30,N/A,64281.00,64635.00,63927.70
04/24/2024,64341.20,N/A,66597.60,64728.30,63901.70
04/23/2024,66615.30,N/A,66450.00,66882.60,66396.60
04/22/2024,66515.80,N/A,65711.60,67180.00,66499.90
04/21/2024,66003.10,N/A,65190.70,66018.10,64527.50
04/20/2024,64674.80,N/A,64377.00,65375.60,63131.70
04/19/2024,63899.80,N/A,61787.50,64139.30,63131.70
04/18/2024,61830.20,N/A,61657.00,63480.50,59693.30
04/17/2024,61995.90,N/A,63844.60,62171.50,60970.80
04/16/2024,63778.50,N/A,63401.80,64289.50,63608.50
04/15/2024,62919.10,N/A,65158.60,63890.00,62802.50
04/14/2024,65253.90,N/A,63085.60,65875.20,64983.40
04/13/2024,63152.30,N/A,66528.90,64307.90,62174.70
04/12/2024,66980.30,N/A,70985.00,67133.00,65784.70
04/11/2024,70856.70,N/A,70851.60,70972.90,70005.40
04/10/2024,69202.60,N/A,69231.10,69574.90,67570.00
04/09/2024,68721.10,N/A,71723.50,71737.20,68615.00
04/08/2024,71262.20,N/A,69451.60,71737.20,70902.30
04/07/2024,69393.00,N/A,69419.50,69788.60,69110.50
04/06/2024,69409.10,N/A,67797.70,69739.70,68849.40
04/05/2024,67740.60,N/A,67872.10,68053.30,67467.20
04/04/2024,67649.30,N/A,65749.00,68692.20,67472.80
04/03/2024,65674.00,N/A,66227.20,66349.00,65541.00
04/02/2024,66135.40,N/A,66712.80,66135.40,64559.00
04/01/2024,69828.90,N/A,71332.00,71329.30,68175.90
03/31/2024,70615.80,N/A,69918.60,71329.30,70543.60
03/30/2024,69926.60,N/A,69781.00,70143.20,69576.60
03/29/2024,69820.00,N/A,70446.80,70158.90,69736.10
03/28/2024,70447.10,N/A,69302.40,70907.00,70315.60
03/27/2024,69240.40,N/A,70382.10,69913.70,68956.90
03/26/2024,70443.30,N/A,70438.60,70714.10,69839.30
03/25/2024,70508.40,N/A,67322.50,70603.10,69754.80
03/24/2024,66979.50,N/A,63980.10,67288.30,66395.00
03/23/2024,64118.40,N/A,63570.40,64684.00,63938.10
03/22/2024,63389.00,N/A,65968.60,64324.30,63074.90
03/21/2024,65947.20,N/A,66746.40,66133.90,65151.80
03/20/2024,66467.40,N/A,61826.50,68161.70,66463.60
03/19/2024,62394.00,N/A,65860.50,63397.20,61859.50
03/15/2024,68361.40,N/A,73589.30,72398.10,67105.80
03/14/2024,68937.10,N/A,73257.10,72398.10,67110.10
03/13/2024,73237.70,N/A,72034.30,73285.30,72530.50
03/12/2024,72074.40,N/A,71606.20,72193.50,71338.40
03/11/2024,71670.10,N/A,68600.20,72467.10,71519.90
03/10/2024,68506.20,N/A,69169.70,68966.10,67452.80
03/09/2024,69484.50,N/A,68298.60,69676.40,68250.30
03/08/2024,68289.50,N/A,67152.10,68343.70,67923.90
03/07/2024,67072.90,N/A,65862.10,67270.90,66787.80
08/10/2023,29476.10,N/A,29610.80,29489.80,29443.40
08/09/2023,29579.80,N/A,29713.40,29653.60,29562.40
08/08/2023,29706.40,N/A,29189.10,29882.00,29666.00
08/07/2023,29199.30,N/A,29154.20,29253.30,29137.70
08/06/2023,29152.30,N/A,29058.70,29215.20,29011.80
08/05/2023,29056.40,N/A,29082.70,29074.80,29032.30
08/04/2023,29085.50,N/A,29155.90,29139.30,29061.50
08/03/2023,29142.20,N/A,29174.80,29241.80,29109.10
08/02/2023,29155.20,N/A,29627.20,29266.10,29127.10
08/01/2023,29671.70,N/A,28835.30,30025.90,29660.50
07/31/2023,28847.90,N/A,29418.70,29343.10,28834.50
07/30/2023,29437.30,N/A,29316.30,29502.30,29264.90
07/29/2023,29382.40,N/A,29258.90,29400.10,29299.00
07/28/2023,29371.90,N/A,29252.40,29394.20,29299.00
07/27/2023,29215.20,N/A,29405.90,29294.40,29188.60
07/26/2023,29436.80,N/A,29243.80,29450.30,29307.90
07/25/2023,29250.50,N/A,29107.90,29394.40,29109.70
07/24/2023,29116.70,N/A,29717.30,29184.10,29058.70
07/23/2023,29699.00,N/A,29847.40,30098.20,29678.20
07/22/2023,29854.30,N/A,29908.60,29893.70,29735.70
07/21/2023,29926.00,N/A,29898.50,29986.80,29901.60
07/20/2023,29910.60,N/A,29950.00,29945.50,29741.70
07/19/2023,29943.20,N/A,30059.50,30044.80,29895.80
07/18/2023,30070.60,N/A,30077.70,30077.80,29842.30
07/17/2023,30087.20,N/A,30314.20,30242.40,30084.60
07/16/2023,30306.60,N/A,30192.00,30335.90,30197.20
07/15/2023,30225.80,N/A,30297.10,30333.90,30075.40
07/14/2023,30323.50,N/A,31462.50,30395.40,30246.90
07/13/2023,31425.40,N/A,30298.20,31602.60,31343.20
07/12/2023,30285.90,N/A,30591.40,30434.40,30279.70
07/11/2023,30595.40,N/A,30482.50,30654.30,30500.20
07/10/2023,30466.50,N/A,30158.00,30598.50,30367.80
07/09/2023,30179.20,N/A,30289.60,30242.40,29969.10
07/08/2023,30312.40,N/A,30277.10,30404.70,30252.10
07/07/2023,30281.00,N/A,30138.60,30379.90,30262.40
07/06/2023,30114.00,N/A,30499.90,30161.00,29757.40
07/05/2023,30502.80,N/A,30834.00,30559.00,30353.60
07/04/2023,30849.80,N/A,31262.20,30861.70,30756.30
07/03/2023,31241.80,N/A,30756.80,31326.50,31101.80
07/02/2023,30779.80,N/A,30544.10,30790.40,30594.40
07/01/2023,30505.00,N/A,30424.40,30650.10,30481.50
06/30/2023,30393.80,N/A,30664.00,30530.60,30377.60
06/29/2023,30722.20,N/A,30175.20,30858.10,30354.60
06/28/2023,30151.90,N/A,30453.50,30243.80,30051.30
06/27/2023,30460.80,N/A,30371.60,30703.40,30362.50
06/26/2023,30370.10,N/A,30299.50,30485.70,30231.30
06/25/2023,30285.50,N/A,30752.10,30543.10,30012.80
06/24/2023,30768.00,N/A,30749.20,30768.00,30474.10
06/23/2023,30742.50,N/A,30010.70,30793.80,30434.30
06/22/2023,30013.60,N/A,30296.30,30046.60,29822.60
06/21/2023,30299.30,N/A,28710.40,30497.80,29899.00
06/20/2023,28724.60,N/A,26893.10,28985.50,28270.50
06/19/2023,26915.90,N/A,26391.30,27152.70,26798.70
06/18/2023,26411.30,N/A,26546.10,26465.90,26295.10
06/17/2023,26539.80,N/A,26258.40,26543.00,26410.50
06/16/2023,26262.80,N/A,25559.30,26362.70,26183.50
06/15/2023,25564.20,N/A,25061.90,25591.90,25451.40
06/14/2023,25083.10,N/A,25987.00,25205.70,25040.90
06/13/2023,25982.20,N/A,26058.40,26051.20,25914.10
06/12/2023,26083.80,N/A,25795.00,26138.60,25824.00
06/11/2023,25796.60,N/A,25730.40,26006.00,25635.00
06/10/2023,25742.60,N/A,26329.80,25862.30,25728.20
06/09/2023,26336.10,N/A,26490.70,26525.10,26298.90
06/08/2023,26495.30,N/A,26341.50,26592.00,26326.70
06/07/2023,26298.40,N/A,26909.20,26470.60,26231.30
06/06/2023,26892.50,N/A,25733.00,27342.00,26730.60
06/05/2023,25729.80,N/A,26845.40,25791.00,25611.10
06/04/2023,26859.90,N/A,27062.30,27125.50,26817.40
06/03/2023,27062.60,N/A,27146.20,27096.70,26956.10
06/02/2023,27141.60,N/A,27007.50,27246.00,27114.00
06/01/2023,26943.20,N/A,26781.70,26980.00,26541.30
05/31/2023,26777.90,N/A,27658.30,27340.90,26662.30
05/30/2023,27689.80,N/A,27835.50,27825.00,27606.60
05/29/2023,27830.70,N/A,27972.80,27925.70,27605.50
05/28/2023,28060.60,N/A,27188.40,28431.20,28057.80
05/27/2023,27161.90,N/A,26754.60,27172.40,26788.50
05/26/2023,26765.40,N/A,26436.60,26775.20,26639.00
05/25/2023,26438.00,N/A,26186.90,26534.70,26384.40
05/24/2023,26192.60,N/A,26785.50,26381.80,25892.50
05/23/2023,26759.10,N/A,27371.10,27220.70,26686.40
05/22/2023,27381.40,N/A,26645.80,27414.30,26804.10
05/21/2023,26650.70,N/A,27178.10,26780.70,26546.10
05/20/2023,27193.00,N/A,26867.70,27257.10,27066.50
05/19/2023,26867.40,N/A,26802.90,26899.30,26831.30
05/18/2023,26839.20,N/A,27352.90,26914.80,26751.20
05/17/2023,27358.60,N/A,27073.20,27467.00,27296.50
05/16/2023,27102.30,N/A,27083.00,27215.10,26984.10
05/15/2023,27115.50,N/A,27168.10,27295.30,26881.90
05/14/2023,27232.40,N/A,26868.00,27284.30,26752.10
05/13/2023,26845.80,N/A,26783.50,26850.60,26609.90
05/12/2023,26823.70,N/A,26636.60,26974.00,26695.60
05/11/2023,26615.00,N/A,27445.00,27044.00,26559.20
05/10/2023,27451.80,N/A,27691.00,27607.40,27402.70
05/09/2023,27692.20,N/A,27639.50,27808.40,27627.20
05/08/2023,27592.70,N/A,28203.90,27745.60,27552.90
05/07/2023,28184.00,N/A,28806.30,28627.80,28056.20
05/06/2023,28811.30,N/A,29357.30,29122.00,28754.80
05/05/2023,29357.60,N/A,29197.30,29816.40,29353.10
05/04/2023,29179.90,N/A,29100.20,29490.50,28825.30
05/03/2023,29027.60,N/A,28525.80,29187.00,28956.00
05/02/2023,28536.40,N/A,28040.20,28682.70,28370.30
05/01/2023,28020.70,N/A,28563.20,28142.70,27928.20
04/30/2023,28560.90,N/A,29179.80,29329.60,28432.60
04/29/2023,29193.70,N/A,29367.60,29235.10,29095.00
04/28/2023,29367.80,N/A,29420.10,29400.80,29217.40
04/27/2023,29405.00,N/A,28875.00,29587.10,29334.20
04/26/2023,29030.00,N/A,28311.60,29414.00,28392.40
04/25/2023,28336.50,N/A,27390.10,28460.30,28258.50
04/24/2023,27344.50,N/A,27734.50,27576.20,27332.70
04/23/2023,27746.20,N/A,27601.10,27978.80,27434.00
04/22/2023,27556.20,N/A,27234.70,27815.00,27492.10
04/21/2023,27334.00,N/A,28245.80,27336.90,27165.70
04/20/2023,28304.80,N/A,28848.10,28353.40,28109.20
04/19/2023,28846.40,N/A,30212.80,28992.90,28606.00
04/18/2023,30207.20,N/A,29450.70,30408.40,30153.30
04/17/2023,29477.70,N/A,29984.10,29490.00,29149.20
04/16/2023,29983.40,N/A,30254.20,30312.20,29786.10
04/15/2023,30260.90,N/A,30379.10,30322.90,30134.60
04/14/2023,30390.00,N/A,30695.10,30586.50,30302.30
04/13/2023,30706.50,N/A,30079.60,30836.80,30327.60
04/12/2023,30068.50,N/A,29931.10,30153.70,29864.50
04/11/2023,29921.30,N/A,30112.90,30327.60,29851.10
04/10/2023,30081.80,N/A,28280.70,30375.10,29597.80
04/09/2023,28285.60,N/A,28034.80,28422.10,28264.70
04/08/2023,28044.80,N/A,28027.60,28086.20,27932.60
04/07/2023,28013.40,N/A,28042.70,28048.90,27863.80
04/06/2023,28044.70,N/A,28136.10,28102.50,27936.50
04/05/2023,28074.00,N/A,28547.30,28173.50,27903.00
04/04/2023,28525.80,N/A,27860.60,28744.40,28100.80
04/03/2023,27878.40,N/A,27756.50,27945.80,27668.90
04/02/2023,27762.70,N/A,28476.10,28194.70,27608.90
04/01/2023,28466.30,N/A,28473.70,28795.10,28285.60
03/31/2023,28562.00,N/A,28172.90,28795.10,28415.70
03/30/2023,28169.10,N/A,28477.00,28353.30,27927.50
03/29/2023,28541.60,N/A,27369.00,29160.40,28181.20
03/28/2023,27351.20,N/A,26975.00,27456.70,27249.80
03/27/2023,26976.70,N/A,27900.50,27170.10,26847.80
03/26/2023,27914.50,N/A,27529.70,28023.30,27795.30
03/25/2023,27515.10,N/A,27612.80,27638.00,27429.10
03/24/2023,27575.00,N/A,28195.10,27665.10,27432.20
03/23/2023,28229.50,N/A,27343.10,28374.50,28152.60
03/22/2023,27367.10,N/A,28167.30,27431.50,27144.60
03/21/2023,28174.30,N/A,27788.00,28246.40,27960.70
03/20/2023,27762.70,N/A,27269.60,27930.60,27679.90
03/19/2023,27191.30,N/A,27110.00,28050.60,27170.50
03/18/2023,27172.80,N/A,27297.00,27185.80,26914.00
03/17/2023,27332.10,N/A,25602.50,27659.10,27132.60
03/16/2023,25681.50,N/A,24370.80,25884.10,24900.10
03/15/2023,24249.00,N/A,24838.30,24432.00,24147.90
03/14/2023,24727.50,N/A,24281.10,25040.30,24331.50
03/13/2023,24361.20,N/A,22193.10,24453.50,23994.60
03/12/2023,22234.70,N/A,20384.00,22542.50,21904.30
03/11/2023,20391.80,N/A,20347.70,20507.20,20325.30
03/10/2023,20345.90,N/A,19879.50,20669.50,20142.80
03/09/2023,19904.60,N/A,21738.10,20362.00,19813.70
03/08/2023,21737.30,N/A,22144.60,21802.30,21682.80
03/07/2023,22128.80,N/A,22478.00,22274.30,22092.80
03/06/2023,22464.80,N/A,22343.30,22535.10,22384.00
03/05/2023,22344.10,N/A,22449.40,22494.80,22320.20
03/04/2023,22439.30,N/A,22340.60,22636.70,22213.50
03/03/2023,22328.50,N/A,22378.50,22390.30,22326.30
03/02/2023,22352.60,N/A,23538.60,23473.40,22051.90
03/01/2023,23515.40,N/A,23797.20,23780.50,23435.50
02/28/2023,23801.10,N/A,23414.80,23801.10,23025.30
02/27/2023,23408.40,N/A,23491.50,23543.60,23360.20
02/26/2023,23474.60,N/A,23187.70,23634.30,23440.90
02/25/2023,23172.00,N/A,23124.50,23249.60,23066.00
02/24/2023,23107.50,N/A,23948.20,23215.30,23051.00
02/23/2023,23980.00,N/A,24518.10,24123.40,23893.80
02/22/2023,24455.80,N/A,24153.40,24590.40,24127.60
02/21/2023,24137.20,N/A,24902.10,24474.30,23894.70
02/20/2023,24877.80,N/A,24478.30,25081.20,24785.10
02/19/2023,24461.50,N/A,24714.40,24534.80,23868.60
02/18/2023,24690.90,N/A,24628.50,24765.30,24623.60
02/17/2023,24635.80,N/A,23806.80,24772.40,24531.40
02/16/2023,23765.60,N/A,24643.90,23883.30,23373.00
02/15/2023,22112.00,N/A,21696.70,22198.50,22050.80
02/14/2023,22111.10,N/A,21706.70,22198.50,22050.80
02/13/2023,21716.00,N/A,21834.90,21808.10,21681.30
02/12/2023,21831.90,N/A,21781.30,21856.70,21656.90
02/11/2023,21767.70,N/A,21688.00,21879.40,21764.50
02/10/2023,21682.70,N/A,21795.50,21714.60,21605.30
02/09/2023,21801.70,N/A,22566.20,21933.60,21722.60
02/08/2023,22574.30,N/A,23248.50,23003.60,22425.60
02/07/2023,23246.10,N/A,22881.90,23425.10,23233.00
02/06/2023,22872.60,N/A,22872.70,22922.00,22748.20
02/05/2023,23385.60,N/A,23343.10,23423.40,23253.90
02/04/2023,23360.10,N/A,23337.10,23370.00,23253.90
02/03/2023,23334.30,N/A,23513.80,23461.20,23317.50
02/02/2023,23525.80,N/A,23881.70,23581.90,23418.00
02/01/2023,23905.70,N/A,23136.10,24207.20,23694.40
01/31/2023,23128.50,N/A,22859.20,23171.70,23031.90
01/30/2023,22842.70,N/A,23715.60,22900.60,22724.90
01/29/2023,23338.20,N/A,22977.30,23533.50,22973.30
01/28/2023,23127.80,N/A,23093.10,23456.40,22973.30
01/27/2023,23096.90,N/A,22774.40,23182.30,23048.00
01/26/2023,22819.30,N/A,23124.40,23072.10,22602.90
01/25/2023,23174.50,N/A,22646.90,23259.50,23055.20
01/24/2023,22652.70,N/A,23073.60,22714.20,22366.30
01/23/2023,23087.10,N/A,22669.90,23139.20,22878.90
01/22/2023,22744.00,N/A,22756.90,22802.00,22663.80
01/21/2023,22840.40,N/A,22596.90,22959.70,22634.30
01/20/2023,22614.60,N/A,20992.60,22724.80,22461.10
01/19/2023,21053.00,N/A,20809.30,21181.00,21018.60
01/18/2023,20813.90,N/A,21273.20,20858.00,20669.70
01/17/2023,21286.30,N/A,21157.20,21371.20,21136.40
01/16/2023,21157.30,N/A,21151.80,21289.60,20926.20
01/15/2023,21147.60,N/A,20698.80,21414.70,20802.10
01/14/2023,20686.50,N/A,20894.00,20996.00,20590.40
01/13/2023,20913.70,N/A,18833.10,21185.60,19898.60
01/12/2023,18853.90,N/A,18217.30,18882.80,18723.80
01/11/2023,18220.20,N/A,17414.00,18298.80,17915.50
01/10/2023,17410.70,N/A,17218.00,17499.10,17371.10
01/09/2023,17216.10,N/A,17226.30,17232.60,17151.70
01/08/2023,17234.30,N/A,16935.20,17244.20,17107.10
01/07/2023,16936.10,N/A,16937.90,16953.70,16913.80
01/06/2023,16942.60,N/A,16822.10,16979.60,16932.30
01/05/2023,16818.30,N/A,16837.10,16871.20,16804.90
01/04/2023,16836.80,N/A,16861.30,16875.10,16813.60
01/03/2023,16875.00,N/A,16684.90,16890.90,16656.50
01/02/2023,16685.20,N/A,16634.20,16704.70,16652.10
01/01/2023,16638.30,N/A,16517.60,16699.70,16551.00
12/31/2022,16520.30,N/A,16550.10,16557.20,16510.80
12/30/2022,16544.80,N/A,16611.40,16613.60,16543.10
12/29/2022,16607.50,N/A,16568.50,16644.40,16585.00
12/28/2022,16571.10,N/A,16661.10,16584.80,16496.60
12/27/2022,16661.80,N/A,16891.70,16737.10,16585.70
12/26/2022,16884.80,N/A,16877.20,16964.00,16844.90
12/25/2022,16876.30,N/A,16826.10,16914.20,16822.00
12/24/2022,16819.60,N/A,16828.60,16850.80,16816.20
12/23/2022,16830.60,N/A,16839.00,16845.80,16777.80
12/22/2022,16830.00,N/A,16836.40,16889.00,16774.10
12/21/2022,16849.60,N/A,16794.40,16858.30,16811.20
12/20/2022,16810.90,N/A,16804.00,16919.40,16798.10
12/19/2022,16790.30,N/A,16711.70,16849.40,16400.70
12/18/2022,16728.70,N/A,16763.00,16809.50,16642.00
12/17/2022,16764.30,N/A,16706.30,16797.30,16709.10
12/16/2022,16715.50,N/A,17425.80,16723.20,16587.00
12/15/2022,17403.00,N/A,17726.90,17427.30,17351.80
12/14/2022,17693.60,N/A,17783.10,17846.10,17600.00
12/13/2022,17762.10,N/A,17151.30,17834.30,17753.20
12/12/2022,17163.60,N/A,16917.90,17234.40,17123.40
12/11/2022,16927.60,N/A,17153.90,17093.20,16878.50
12/10/2022,17170.70,N/A,17154.00,17174.40,17123.30
12/09/2022,17156.10,N/A,17201.50,17164.20,17121.30
12/08/2022,17193.20,N/A,16823.70,17288.60,17192.90
12/07/2022,16823.00,N/A,17040.10,16881.50,16789.00
12/06/2022,17020.40,N/A,16999.60,17126.70,17015.10
12/05/2022,17010.70,N/A,17374.90,17097.40,16966.30
12/04/2022,17255.00,N/A,17005.60,17306.30,17080.90
12/03/2022,17014.00,N/A,16934.50,17132.60,17010.80
12/02/2022,17013.20,N/A,16901.40,17132.60,17012.90
12/01/2022,16923.60,N/A,17147.50,17039.70,16867.60
11/30/2022,17140.90,N/A,16865.40,17222.60,17099.80
11/29/2022,16847.00,N/A,16283.40,17061.10,16433.20
11/28/2022,16462.90,N/A,16208.10,16471.20,16100.10
11/27/2022,16194.20,N/A,16526.70,16481.40,16060.80
11/26/2022,16556.40,N/A,16628.40,16595.40,16450.10
11/25/2022,16627.10,N/A,16385.80,16686.30,16511.20
11/24/2022,16399.20,N/A,16697.20,16611.80,16399.20
11/23/2022,16695.90,N/A,16501.40,16785.60,16539.90
11/22/2022,16508.80,N/A,15817.80,16576.30,16162.30
11/21/2022,15836.80,N/A,16147.70,15937.10,15751.70
11/20/2022,16711.80,N/A,16638.30,16749.30,16670.40
11/18/2022,16633.80,N/A,16691.20,16846.30,16553.00
11/17/2022,16691.20,N/A,16549.50,16739.70,16425.80
11/16/2022,16533.10,N/A,16882.70,16993.40,16408.20
11/15/2022,16916.50,N/A,16768.50,16993.40,16775.20
11/14/2022,16767.90,N/A,15989.40,16880.20,16543.90
11/13/2022,15943.10,N/A,16860.10,16394.70,15898.60
11/12/2022,16881.30,N/A,16756.00,16946.50,16779.30
11/11/2022,16789.30,N/A,17070.60,17100.80,16779.40
11/10/2022,17046.50,N/A,16492.60,17679.40,16897.90
11/09/2022,16396.80,N/A,18244.60,16523.80,15799.30
11/08/2022,18234.10,N/A,19667.30,18583.80,18007.40
11/07/2022,19676.90,N/A,20889.60,20667.50,19576.00
11/06/2022,20887.00,N/A,21229.20,21055.40,20827.70
11/05/2022,21242.50,N/A,21445.30,21360.40,21206.80
11/04/2022,21404.10,N/A,20325.80,21464.70,21084.10
11/03/2022,20319.90,N/A,20307.30,20324.30,20184.60
11/02/2022,20310.60,N/A,20520.60,20337.10,20123.50
11/01/2022,20535.60,N/A,20490.20,20548.50,20416.40
10/31/2022,20487.00,N/A,20519.10,20581.70,20450.30
10/30/2022,20515.20,N/A,20772.90,20670.00,20438.40
10/29/2022,20777.00,N/A,20755.30,20836.90,20706.30
10/28/2022,20749.10,N/A,20295.00,20802.40,20561.90
10/27/2022,20259.20,N/A,20745.40,20326.80,20201.60
10/26/2022,20742.90,N/A,20252.90,20836.00,20646.20
10/25/2022,20269.40,N/A,19341.40,20299.10,20062.90
10/24/2022,19343.90,N/A,19391.20,19359.30,19251.00
10/23/2022,19393.00,N/A,19198.60,19588.60,19350.10
10/22/2022,19198.00,N/A,19155.30,19218.60,19168.60
10/21/2022,19135.20,N/A,19049.90,19178.70,19116.10
10/20/2022,19054.30,N/A,19052.10,19122.90,19003.90
10/19/2022,19039.80,N/A,19291.50,19163.00,18935.60
10/18/2022,19291.40,N/A,19491.70,19692.90,19102.80
10/17/2022,19555.50,N/A,19204.70,19617.20,19487.50
10/16/2022,19197.80,N/A,19110.60,19307.20,19164.70
10/15/2022,19123.90,N/A,19194.30,19162.60,19066.00
10/14/2022,19209.20,N/A,19815.70,19218.70,19138.30
10/13/2022,19825.50,N/A,19087.60,19933.90,19342.40
10/12/2022,19099.70,N/A,19048.90,19168.40,19039.90
10/11/2022,19052.60,N/A,19044.30,19127.30,19031.30
10/10/2022,19049.50,N/A,19451.10,19134.60,18962.70
10/09/2022,19448.40,N/A,19373.40,19520.70,19408.90
10/08/2022,19344.10,N/A,19507.20,19450.00,19334.30
10/07/2022,19539.70,N/A,19981.90,19612.20,19516.80
10/06/2022,19998.90,N/A,20361.40,20051.40,19947.80
10/05/2022,20331.70,N/A,20188.30,20436.70,20145.40
10/04/2022,20199.90,N/A,19598.40,20353.80,20163.40
10/03/2022,19581.20,N/A,19163.90,19709.80,19506.40
10/02/2022,19179.20,N/A,19310.50,19251.00,19001.30
10/01/2022,19309.40,N/A,19414.50,19342.50,19250.10
09/30/2022,19402.50,N/A,19397.20,19480.30,19362.20
09/29/2022,19343.90,N/A,19504.20,19688.50,19325.00
09/28/2022,19528.70,N/A,18742.20,19587.80,19316.00
09/27/2022,18692.00,N/A,20103.30,19232.30,18505.30
09/26/2022,20119.90,N/A,18875.40,20287.30,19194.50
09/25/2022,18866.50,N/A,19053.10,18943.10,18735.00
09/24/2022,19042.90,N/A,19122.80,19051.20,18914.30
09/23/2022,19098.50,N/A,19384.80,19310.60,19048.20
09/22/2022,19408.30,N/A,18686.60,19463.50,19236.30
09/21/2022,18703.80,N/A,19023.70,18772.40,18371.00
09/20/2022,19013.70,N/A,19364.80,19052.00,18843.90
09/19/2022,19356.80,N/A,18772.60,19626.30,19183.90
09/18/2022,18806.80,N/A,19995.00,19508.50,18712.80
09/17/2022,19956.20,N/A,19879.50,20113.70,19956.00
09/16/2022,19893.10,N/A,19745.00,20055.80,19774.20
09/15/2022,19737.50,N/A,20029.40,19799.30,19602.30
09/14/2022,20025.50,N/A,20320.00,20265.50,19942.80
09/13/2022,20351.80,N/A,22231.60,20503.70,20069.00
09/12/2022,22218.70,N/A,21654.00,22431.30,22072.60
09/11/2022,21612.10,N/A,21545.90,22296.40,21581.60
09/10/2022,21518.50,N/A,21311.90,21679.60,21472.30
09/09/2022,21317.80,N/A,19925.20,21380.70,21170.40
09/08/2022,19838.50,N/A,19218.90,19851.90,19294.10
09/07/2022,19228.40,N/A,18739.40,19376.60,19169.60
09/06/2022,18722.10,N/A,19781.80,18866.70,18548.40
09/05/2022,19761.90,N/A,19882.50,20169.30,19687.40
09/04/2022,19896.20,N/A,19773.40,20042.90,19818.60
09/03/2022,19761.70,N/A,19897.10,19855.40,19756.70
09/02/2022,19902.80,N/A,20166.20,20043.80,19875.90
09/01/2022,20183.90,N/A,20015.80,20232.50,19960.60
08/31/2022,20007.80,N/A,20408.00,20202.70,19931.00
08/30/2022,20389.30,N/A,20267.90,20435.50,19793.40
08/29/2022,20257.70,N/A,19858.00,20295.60,20120.90
08/28/2022,19844.70,N/A,19996.60,19931.40,19551.20
08/27/2022,19999.10,N/A,20206.80,20134.10,19927.80
08/26/2022,20238.90,N/A,21554.40,20343.60,20144.70
08/25/2022,21521.60,N/A,21328.80,21632.50,21324.70
08/24/2022,21468.20,N/A,21259.40,21632.50,21324.70
08/23/2022,21239.80,N/A,21229.70,21551.10,21171.10
08/22/2022,21285.70,N/A,21419.00,21458.20,21271.20
08/21/2022,21380.60,N/A,21250.80,21489.90,21077.40
08/20/2022,21186.60,N/A,21146.80,21322.40,21126.10
08/19/2022,21135.40,N/A,22814.00,21170.70,20813.50
08/18/2022,22783.20,N/A,23457.80,23202.30,22718.20
08/17/2022,23447.60,N/A,23988.20,23512.30,23297.70
08/16/2022,24018.20,N/A,24045.70,24077.00,23834.60
08/15/2022,24101.50,N/A,24920.60,24240.80,23858.90
08/14/2022,24832.10,N/A,24602.80,25205.70,24193.80
08/13/2022,24589.30,N/A,24666.50,24623.40,24352.90
08/12/2022,24744.90,N/A,24008.30,24787.50,24337.50
08/11/2022,23997.10,N/A,24268.10,24090.00,23765.20
08/10/2022,24353.80,N/A,22913.80,24481.30,23923.30
08/09/2022,22876.60,N/A,23833.50,23150.50,22714.70
08/08/2022,23813.30,N/A,23305.40,23866.20,23636.40
08/07/2022,23307.00,N/A,22990.50,23339.80,23160.60
08/06/2022,22999.60,N/A,23266.80,23048.00,22852.30
08/05/2022,23202.80,N/A,23050.60,23344.40,23167.00
08/04/2022,23158.20,N/A,23073.10,23188.40,22593.50
08/03/2022,23069.80,N/A,22842.60,23214.50,22794.40
08/02/2022,22852.40,N/A,22853.60,23060.00,22698.60
08/01/2022,22876.70,N/A,23375.40,23412.70,22790.90
07/31/2022,23361.00,N/A,23741.90,23459.10,23265.90
07/30/2022,23706.70,N/A,23801.60,23864.60,23548.90
07/29/2022,23813.70,N/A,23918.90,23956.50,23698.00
07/28/2022,23924.00,N/A,23120.70,23938.70,23711.80
07/27/2022,23139.20,N/A,21074.10,23418.20,22714.10
07/26/2022,21068.70,N/A,21144.80,21279.80,21047.50
07/25/2022,21143.60,N/A,21863.60,21322.30,20916.60
07/24/2022,21802.80,N/A,22332.00,22653.30,21802.70
07/23/2022,22333.20,N/A,22838.20,22664.60,22311.00
07/22/2022,22883.40,N/A,22912.30,22896.00,22591.30
07/21/2022,22910.90,N/A,22774.20,23344.40,22873.60
07/20/2022,22841.50,N/A,23434.30,23403.80,22680.90
07/19/2022,23430.70,N/A,21891.70,23502.00,22965.90
07/18/2022,21835.60,N/A,21296.70,22910.20,21835.60
07/17/2022,21265.20,N/A,21324.60,21360.80,20770.60
07/16/2022,21344.50,N/A,20744.50,21445.10,21091.80
07/15/2022,20757.60,N/A,20614.00,20857.40,20617.40
07/14/2022,20547.40,N/A,20224.60,20811.30,20393.40
07/13/2022,20221.40,N/A,19468.90,20405.50,20187.90
07/12/2022,19475.10,N/A,19941.10,19544.60,19267.30
07/11/2022,19924.20,N/A,20547.90,19993.70,19794.80
07/10/2022,20615.70,N/A,21297.30,20855.00,20467.60
07/09/2022,21298.50,N/A,21608.90,21599.20,21190.70
07/08/2022,21603.80,N/A,22121.50,21681.30,21440.20
07/07/2022,22102.00,N/A,20473.80,22482.10,21580.90
07/06/2022,20460.60,N/A,19942.00,20584.20,20390.70
07/05/2022,19948.00,N/A,20301.90,20360.70,19785.30
07/03/2022,19078.00,N/A,19235.20,19342.50,18794.40
07/02/2022,19273.80,N/A,19119.10,19297.30,19172.60
07/01/2022,19103.70,N/A,19733.70,19369.20,19067.70
06/30/2022,19854.40,N/A,20072.40,20785.60,19668.60
06/29/2022,20064.80,N/A,20291.00,20155.10,19955.10
06/28/2022,20240.50,N/A,20731.90,20384.20,20180.50
06/27/2022,20718.40,N/A,21173.90,20862.80,20538.00
06/26/2022,21132.90,N/A,21425.20,21178.60,20937.30
06/25/2022,21419.20,N/A,21296.10,21531.10,21293.80
06/24/2022,21320.30,N/A,21068.90,21373.20,21132.70
06/23/2022,21069.20,N/A,20210.30,21316.00,20982.20
06/22/2022,20259.80,N/A,20312.80,20578.70,19907.50
06/21/2022,20277.30,N/A,20611.90,20720.20,20276.20
06/20/2022,20637.40,N/A,19990.20,20764.80,20371.70
06/19/2022,20078.60,N/A,18276.90,20607.10,19658.80
06/18/2022,18462.40,N/A,20429.80,19169.50,18230.10
06/17/2022,20420.40,N/A,20375.00,20744.70,20311.00
06/16/2022,20395.90,N/A,22205.10,21017.60,20244.10
06/15/2022,22213.00,N/A,21448.00,22942.10,22187.80
06/14/2022,21648.50,N/A,22099.20,22254.60,21545.80
06/13/2022,22022.80,N/A,25533.10,22771.40,20860.90
06/12/2022,25522.60,N/A,27573.10,26857.60,24978.30
06/11/2022,27622.20,N/A,29268.70,28534.80,27313.10
06/10/2022,29268.50,N/A,30116.20,29304.30,29046.40
06/09/2022,30159.60,N/A,30290.00,30325.60,29663.20
06/08/2022,30271.80,N/A,30009.40,30317.30,30070.90
06/07/2022,30095.80,N/A,29572.50,31312.10,29879.00
06/06/2022,29567.60,N/A,31248.00,31370.30,29235.00
06/05/2022,31193.90,N/A,29755.60,31222.90,29888.60
06/04/2022,29746.80,N/A,29564.40,29890.60,29684.00
06/03/2022,29565.00,N/A,30543.20,29758.00,29493.20
06/02/2022,30486.20,N/A,29814.90,30674.80,30367.70
06/01/2022,29716.80,N/A,31801.20,29890.90,29620.70
05/31/2022,31631.00,N/A,31689.00,31969.90,31627.90
05/30/2022,30598.90,N/A,29149.50,30833.70,29307.20
05/29/2022,30301.80,N/A,28901.10,30375.30,29307.20
05/28/2022,28939.30,N/A,28694.90,29041.20,28838.70
05/27/2022,28789.80,N/A,28983.30,28826.40,28537.20
05/26/2022,29045.80,N/A,29808.20,29377.10,28848.80
05/25/2022,29787.10,N/A,30179.20,29868.90,29518.00
05/24/2022,30162.70,N/A,29301.90,30191.90,29551.00
05/23/2022,29281.00,N/A,30157.80,29310.60,29069.30
05/22/2022,30149.60,N/A,29352.70,30423.70,30059.80
05/21/2022,29360.20,N/A,29250.20,29535.30,29360.20
05/20/2022,29187.40,N/A,30168.60,29328.10,28953.90
05/19/2022,30209.30,N/A,29180.60,30735.10,30126.20
05/18/2022,29202.10,N/A,29834.80,29281.80,28682.10
05/17/2022,29840.90,N/A,30361.10,30687.90,29802.40
05/16/2022,30426.40,N/A,30312.80,30488.10,29804.30
05/15/2022,30298.00,N/A,29722.10,31312.40,30211.20
05/14/2022,29700.50,N/A,29568.90,30226.30,29554.40
05/13/2022,29540.20,N/A,30567.50,29788.80,29223.90
05/12/2022,30636.30,N/A,28383.70,30713.20,28755.00
05/11/2022,28757.20,N/A,31204.80,30136.70,28503.50
05/10/2022,31290.50,N/A,30655.30,31661.00,30652.70
05/09/2022,30665.40,N/A,33557.00,31380.70,29831.00
05/08/2022,33582.00,N/A,34478.00,34227.00,33296.00
05/07/2022,34461.00,N/A,35813.00,35497.00,34228.00
05/06/2022,35866.00,N/A,36431.00,36051.00,35757.00
05/05/2022,36405.00,N/A,39736.00,36646.00,36155.00
05/04/2022,39727.00,N/A,38017.00,39791.00,39555.00
05/03/2022,38004.00,N/A,38500.00,38098.00,37660.00
05/02/2022,38523.00,N/A,38705.00,38603.00,38312.00
05/01/2022,38699.00,N/A,38045.00,38807.00,38387.00
04/30/2022,38005.00,N/A,38652.00,38077.00,37397.00
04/29/2022,38649.00,N/A,39512.00,38775.00,38549.00
04/28/2022,39487.00,N/A,39345.00,39919.00,39299.00
04/27/2022,39352.00,N/A,38333.00,39698.00,39164.00
04/26/2022,38379.00,N/A,40549.00,38476.00,37869.00
04/25/2022,40536.00,N/A,39254.00,40724.00,40398.00
04/24/2022,39255.00,N/A,39787.00,39505.00,38695.00
04/23/2022,39801.00,N/A,39464.00,39829.00,39421.00
04/22/2022,39441.00,N/A,40502.00,39852.00,39433.00
04/21/2022,40549.00,N/A,41711.00,40655.00,40258.00
04/20/2022,41669.00,N/A,41409.00,41780.00,41339.00
04/19/2022,41359.00,N/A,40701.00,41550.00,41235.00
04/18/2022,40710.00,N/A,39820.00,41271.00,40613.00
04/17/2022,40430.00,N/A,40424.00,40531.00,40129.00
04/16/2022,40299.00,N/A,40425.00,40432.00,40129.00
04/15/2022,40432.00,N/A,40208.00,40691.00,40414.00
04/14/2022,40155.00,N/A,41332.00,40173.00,39781.00
04/13/2022,41314.00,N/A,40071.00,41494.00,41062.00
04/12/2022,40095.00,N/A,39717.00,40267.00,39581.00
04/11/2022,39695.00,N/A,42108.00,39845.00,39293.00
04/10/2022,42079.00,N/A,42783.00,42418.00,41791.00
04/09/2022,42786.00,N/A,42391.00,42893.00,42605.00
04/08/2022,42419.00,N/A,43612.00,42468.00,42129.00
04/07/2022,43572.00,N/A,43326.00,43697.00,43304.00
04/06/2022,43297.00,N/A,45180.00,43559.00,42747.00
04/05/2022,45228.00,N/A,46654.00,45512.00,44417.00
04/04/2022,46622.00,N/A,46025.00,46788.00,46430.00
04/03/2022,46110.00,N/A,45962.00,46442.00,45772.00
04/02/2022,46201.00,N/A,46366.00,47212.00,45641.00
04/01/2022,46541.00,N/A,44597.00,47212.00,46096.00
03/31/2022,44525.00,N/A,47100.00,45652.00,44261.00
03/30/2022,47109.00,N/A,47470.00,47438.00,46980.00
03/29/2022,47475.00,N/A,47347.00,47475.00,46601.00
03/28/2022,47350.00,N/A,47060.00,47631.00,47087.00
03/27/2022,47016.00,N/A,44739.00,47561.00,46672.00
03/26/2022,44652.00,N/A,44425.00,44950.00,44511.00
03/25/2022,44380.00,N/A,43984.00,44471.00,44090.00
03/24/2022,43969.00,N/A,42738.00,44400.00,43883.00
03/23/2022,42797.00,N/A,42118.00,43284.00,42683.00
03/22/2022,42145.00,N/A,42257.00,42552.00,41930.00
03/21/2022,42263.00,N/A,40855.00,42490.00,40893.00
03/20/2022,40887.00,N/A,41961.00,41471.00,40530.00
03/19/2022,41988.00,N/A,41804.40,42301.00,41804.00
03/18/2022,41575.30,N/A,40528.30,41998.40,41529.60
03/17/2022,40498.20,N/A,41006.20,40935.60,40272.90
03/16/2022,41003.80,N/A,39160.80,41379.80,40825.10
03/15/2022,39177.40,N/A,38773.80,41701.60,38996.60
03/14/2022,38729.50,N/A,38172.40,39786.10,38658.00
03/13/2022,38109.10,N/A,39189.30,38294.70,37613.60
03/12/2022,39181.10,N/A,39093.50,39272.30,38733.10
03/11/2022,39188.20,N/A,38515.40,39289.90,38666.50
03/10/2022,38491.00,N/A,39543.10,39431.90,38236.40
03/09/2022,39648.00,N/A,41637.00,42029.10,39466.20
03/08/2022,41623.20,N/A,38558.00,41793.90,38663.30
03/07/2022,38487.50,N/A,37931.70,38935.00,37886.60
03/06/2022,37951.30,N/A,39468.90,38543.20,37597.70
03/03/2022,42449.20,N/A,43912.80,44077.20,41840.80
03/02/2022,43300.10,N/A,44252.70,44041.70,43258.70
03/01/2022,44336.60,N/A,43350.00,44730.70,43857.60
02/28/2022,43331.50,N/A,37818.60,43638.60,42890.90
02/27/2022,37827.80,N/A,38610.60,38336.30,37458.90
02/26/2022,38608.20,N/A,39420.00,39255.00,38230.90
02/25/2022,39443.60,N/A,38927.20,40094.50,39166.30
02/24/2022,38756.50,N/A,34912.10,38991.00,38167.00
02/23/2022,35078.80,N/A,37760.50,37417.30,34594.10
02/22/2022,37982.80,N/A,36576.50,38329.90,37598.70
02/21/2022,36714.90,N/A,38935.80,37421.10,36399.60
02/20/2022,39234.00,N/A,39533.90,39320.60,38226.80
02/19/2022,39622.60,N/A,40140.00,40120.30,39588.50
02/18/2022,40169.60,N/A,40693.80,40284.00,39940.60
02/17/2022,40652.10,N/A,43635.00,40928.60,40318.00
02/16/2022,43692.10,N/A,43900.10,44167.10,43376.30
02/15/2022,43852.70,N/A,43492.80,44552.90,43692.20
02/14/2022,43483.80,N/A,41967.60,43732.50,42460.10
02/13/2022,41909.30,N/A,42207.60,42170.60,41591.30
02/12/2022,42202.70,N/A,42291.00,42495.30,42080.00
02/11/2022,42275.70,N/A,43108.00,42480.70,42179.90
02/10/2022,43052.30,N/A,43802.10,43705.90,42643.70
02/09/2022,43607.80,N/A,43469.50,44398.20,43594.80
02/08/2022,43555.20,N/A,44370.60,44305.30,43202.10
02/07/2022,44287.80,N/A,42839.20,44304.40,43585.50
02/06/2022,42793.10,N/A,41551.60,42922.90,41695.40
02/05/2022,41521.70,N/A,41467.30,41641.20,41321.10
02/04/2022,41450.20,N/A,37301.60,41873.60,41201.10
02/03/2022,37334.70,N/A,36915.50,37420.80,37041.10
02/02/2022,36961.30,N/A,38469.00,37043.10,36773.40
02/01/2022,38467.80,N/A,38564.90,38853.80,38399.70
01/31/2022,38539.10,N/A,36915.80,38644.70,38189.40
01/30/2022,36958.50,N/A,38120.70,37923.80,36672.80
01/29/2022,38040.50,N/A,37834.20,38274.70,37796.40
01/28/2022,37844.50,N/A,37214.00,37977.00,37465.40
01/27/2022,37151.30,N/A,35947.30,37452.80,36662.40
01/26/2022,35905.80,N/A,37784.30,37067.90,35543.20
01/25/2022,36391.90,N/A,33701.20,36717.60,35729.30
01/24/2022,36013.20,N/A,35121.40,36691.30,35976.40
01/23/2022,35095.60,N/A,35227.40,36268.60,35095.60
01/22/2022,35245.40,N/A,36286.70,35516.80,34821.40
01/21/2022,36303.90,N/A,38809.50,36749.80,36082.40
01/20/2022,38853.10,N/A,41902.40,41104.60,38300.80
01/19/2022,41929.20,N/A,41715.70,42072.70,41658.90
01/18/2022,41705.10,N/A,42041.60,42492.00,41609.50
01/17/2022,42026.60,N/A,42623.50,42420.30,41931.50
01/16/2022,42721.70,N/A,43035.10,43179.60,42610.70
01/15/2022,43069.70,N/A,42937.50,43150.00,42873.10
01/14/2022,42878.60,N/A,42687.50,43179.00,42759.60
01/13/2022,42747.60,N/A,43632.10,42824.40,42380.90
01/12/2022,43618.70,N/A,42628.40,44039.10,43437.30
01/11/2022,42576.50,N/A,42325.50,42968.40,42476.70
01/10/2022,42191.00,N/A,42198.50,42377.30,41582.00
01/09/2022,42346.20,N/A,41809.40,42764.40,41260.90
01/08/2022,41976.80,N/A,41902.20,42168.40,41396.80
01/07/2022,41950.20,N/A,41656.70,42226.80,41551.30
01/06/2022,41628.50,N/A,43051.00,43127.70,41070.00
01/05/2022,42947.90,N/A,46398.90,43772.30,42615.80
01/04/2022,46439.50,N/A,46096.50,46536.50,45750.10
01/03/2022,46069.10,N/A,46825.20,46517.60,45967.20
01/02/2022,46819.50,N/A,46919.10,47292.00,46740.90
01/01/2022,47043.60,N/A,46709.50,47753.30,47043.60
12/31/2021,46762.20,N/A,47204.70,46925.40,46217.50
12/30/2021,47315.30,N/A,46503.30,47451.60,46835.40
12/29/2021,46773.00,N/A,48006.70,46922.00,46003.00
12/28/2021,47862.40,N/A,49821.40,48121.70,47484.80
12/27/2021,49151.80,N/A,51012.70,50703.80,48743.70
12/26/2021,51003.80,N/A,49701.70,51129.70,50459.00
12/25/2021,49819.50,N/A,50836.90,50663.20,49631.70
12/24/2021,50890.60,N/A,51038.40,51131.90,50633.80
12/23/2021,51052.00,N/A,48371.20,51521.40,50657.10
12/22/2021,48475.20,N/A,49227.00,48723.40,48089.30
12/21/2021,49302.30,N/A,48577.00,49540.30,48617.70
12/20/2021,48589.70,N/A,46990.80,48797.60,46654.00
12/19/2021,47133.60,N/A,47322.30,48068.40,46438.40
12/18/2021,48000.50,N/A,46418.40,48068.40,46438.40
12/17/2021,46421.20,N/A,47925.90,46493.40,45513.40
12/16/2021,47915.70,N/A,48756.40,47997.20,47500.50
12/15/2021,48788.90,N/A,48243.20,49256.40,48603.90
12/14/2021,48249.70,N/A,47007.00,48670.00,47868.70
12/13/2021,46988.20,N/A,49041.30,47210.10,46338.30
12/12/2021,49007.30,N/A,48864.00,50196.10,48483.90
12/11/2021,48922.70,N/A,48546.40,49652.70,48917.40
12/10/2021,48434.80,N/A,48205.80,48669.80,46834.00
12/09/2021,48234.50,N/A,49819.80,48751.20,47473.80
12/08/2021,49730.40,N/A,50230.20,50790.20,49501.10
12/07/2021,50189.30,N/A,50916.30,50799.10,50090.90
12/06/2021,50907.70,N/A,49004.90,51351.10,50378.70
12/05/2021,49059.00,N/A,48957.60,49457.20,48317.20
12/04/2021,48367.50,N/A,55320.60,53847.20,42587.80
12/03/2021,51422.30,N/A,56598.70,53847.20,51422.30
12/02/2021,56546.40,N/A,56509.60,56752.20,56116.30
12/01/2021,56496.90,N/A,57081.60,57377.50,55807.90
11/30/2021,57078.10,N/A,57209.60,57671.50,56715.00
11/29/2021,57219.40,N/A,57263.20,57961.10,56819.60
11/28/2021,57371.90,N/A,54045.00,58228.50,57157.70
11/27/2021,53998.00,N/A,54496.10,54804.30,53735.50
11/26/2021,54553.20,N/A,57900.30,54622.70,53654.30
11/25/2021,57815.70,N/A,57746.40,59151.10,57696.60
11/24/2021,57272.30,N/A,56402.50,58262.90,57127.10
11/23/2021,56578.80,N/A,56932.20,57697.40,56171.30
11/22/2021,56902.10,N/A,57399.80,57243.90,56024.20
11/21/2021,57290.00,N/A,58679.00,58719.70,57203.60
11/20/2021,58654.60,N/A,58543.10,59771.90,58598.50
11/19/2021,58425.70,N/A,55903.40,58982.40,57963.00
11/18/2021,56147.50,N/A,59862.20,57502.40,55626.30
11/17/2021,59941.30,N/A,59037.20,60936.90,59661.50
11/16/2021,58999.10,N/A,61258.50,60398.70,58584.00
11/15/2021,61418.50,N/A,65776.60,63605.60,60375.50
11/14/2021,65736.60,N/A,64743.70,66160.70,65514.90
11/13/2021,64749.60,N/A,63701.00,65289.10,64397.20
11/12/2021,63800.90,N/A,64921.30,64417.00,63584.40
11/11/2021,65005.40,N/A,64642.00,65449.70,64158.40
11/10/2021,64556.40,N/A,66644.30,65042.20,64121.90
11/09/2021,66627.70,N/A,68277.90,67357.60,66263.90
11/08/2021,68205.40,N/A,65181.30,68493.30,67169.70
11/07/2021,65164.50,N/A,62194.20,65575.30,63276.40
11/06/2021,62091.70,N/A,61132.90,62307.70,61347.20
11/05/2021,61078.60,N/A,62242.10,61289.50,60828.80
11/04/2021,62139.50,N/A,62439.20,62326.30,60856.70
11/03/2021,62464.00,N/A,63211.60,63077.60,62293.80
11/02/2021,63041.70,N/A,61091.80,63508.60,62810.70
11/01/2021,61098.70,N/A,59952.30,61523.40,60651.50
10/31/2021,60086.20,N/A,61699.20,61733.90,60019.30
10/30/2021,61648.60,N/A,61667.60,62393.70,61617.30
10/29/2021,61707.20,N/A,61661.10,62338.50,61646.60
10/28/2021,61558.10,N/A,58791.60,62009.10,60322.20
10/27/2021,58791.10,N/A,60536.20,58946.10,58128.10
10/26/2021,60708.60,N/A,62738.20,60830.40,60159.30
10/25/2021,62688.40,N/A,61955.90,63275.10,62647.90
10/24/2021,62094.30,N/A,61197.50,62214.40,60655.80
10/23/2021,61253.30,N/A,61133.60,61469.90,60829.30
10/22/2021,61162.70,N/A,62840.30,61243.30,60434.10
10/21/2021,63145.00,N/A,65070.50,63305.50,62152.80
10/20/2021,64998.50,N/A,63847.20,66004.70,64125.90
10/19/2021,63918.70,N/A,62603.80,64343.40,63750.80
10/18/2021,62643.60,N/A,62126.10,62954.00,61692.90
10/17/2021,62055.50,N/A,61133.80,62563.50,61415.40
10/16/2021,61159.00,N/A,61624.00,61333.90,60511.20
10/15/2021,61426.50,N/A,59435.50,61736.80,61123.20
10/14/2021,59323.50,N/A,58071.60,59417.70,56874.80
10/13/2021,58168.40,N/A,56279.90,58506.50,57149.80
10/12/2021,56297.40,N/A,56673.30,56537.30,55845.30
10/11/2021,56704.40,N/A,56505.40,57480.60,56438.30
10/10/2021,56534.90,N/A,55076.90,56681.60,54457.80
10/09/2021,54868.60,N/A,54583.60,55169.90,54100.80
10/08/2021,54637.50,N/A,53802.50,54681.90,53711.70
10/07/2021,53810.60,N/A,54818.20,54418.10,53716.10
10/06/2021,54966.60,N/A,51537.30,55325.20,54162.70
10/05/2021,51540.80,N/A,49302.50,51604.60,50993.00
10/04/2021,49210.20,N/A,47486.70,49760.20,49060.10
10/03/2021,47498.30,N/A,47882.10,48285.00,47398.70
10/02/2021,47662.70,N/A,47533.60,47800.50,47123.00
10/01/2021,47548.00,N/A,43621.50,48226.60,47509.10
09/30/2021,43467.30,N/A,43627.30,44011.50,43292.90
09/29/2021,43446.40,N/A,42162.20,43495.40,41416.70
09/28/2021,42092.60,N/A,42553.80,42108.50,40815.00
09/27/2021,43863.50,N/A,41960.30,44293.20,42949.70
09/26/2021,43889.50,N/A,42199.80,44293.20,42949.70
09/25/2021,42234.20,N/A,42634.90,42737.60,41943.90
09/24/2021,42654.10,N/A,44289.00,42944.00,42073.80
09/23/2021,44365.40,N/A,44070.00,44977.50,44336.60
09/22/2021,43959.20,N/A,42051.40,44162.90,43090.10
09/21/2021,42206.20,N/A,42684.50,42393.40,40585.70
09/20/2021,42686.20,N/A,45584.90,43035.60,40401.50
09/19/2021,45526.30,N/A,47840.20,47323.90,45310.70
09/18/2021,47940.90,N/A,47926.10,48341.90,47650.80
09/17/2021,47526.60,N/A,48032.70,47572.00,47070.50
09/16/2021,47876.30,N/A,47625.40,48095.80,47466.50
09/15/2021,47545.50,N/A,47091.90,48181.90,47358.80
09/14/2021,47097.40,N/A,45193.20,47396.00,46953.70
09/13/2021,45281.70,N/A,44845.00,45353.80,44718.70
09/12/2021,44973.60,N/A,45319.60,46269.80,44830.00
09/11/2021,45308.70,N/A,45190.10,45338.80,44755.20
09/10/2021,45023.20,N/A,46721.50,45476.10,44766.60
09/09/2021,46604.70,N/A,45973.90,47021.60,46287.70
09/08/2021,45904.50,N/A,46444.20,46341.90,45609.00
09/07/2021,46533.20,N/A,52649.90,47316.90,46329.30
09/06/2021,52639.60,N/A,51601.20,52885.30,52388.60
09/05/2021,50129.30,N/A,50099.30,50285.90,49492.40
09/04/2021,49716.30,N/A,50280.50,50285.90,49705.60
09/03/2021,50267.40,N/A,49485.20,50346.30,49603.10
09/02/2021,49446.80,N/A,49567.00,49497.30,48377.30
09/01/2021,49571.70,N/A,47050.50,49870.30,48612.90
08/31/2021,46918.20,N/A,47151.50,47289.50,46533.10
08/30/2021,47177.00,N/A,47964.30,47204.90,46709.30
08/29/2021,47944.60,N/A,48231.90,48886.00,47822.70
08/28/2021,48258.50,N/A,48862.50,49621.70,48101.90
08/27/2021,48880.70,N/A,46822.30,49289.40,48846.40
08/26/2021,46867.70,N/A,47263.60,49347.80,46584.00
08/25/2021,47967.10,N/A,47993.20,49347.80,47898.80
08/24/2021,48000.60,N/A,49341.60,48277.50,47669.80
08/23/2021,49352.50,N/A,50263.40,49685.20,48812.40
08/22/2021,50226.50,N/A,48807.30,50329.40,49099.00
08/21/2021,48736.40,N/A,48834.50,49164.10,48623.70
08/20/2021,48901.90,N/A,47056.50,49334.00,48744.80
08/19/2021,47048.00,N/A,44073.60,47377.90,46646.80
08/18/2021,44177.20,N/A,45048.20,45184.60,44086.70
08/17/2021,44959.00,N/A,46393.30,45133.90,44230.00
08/16/2021,46399.90,N/A,47375.40,46589.10,45323.20
08/15/2021,47497.90,N/A,46870.10,48002.40,46814.10
08/14/2021,47015.60,N/A,47546.00,47344.10,46928.00
08/13/2021,47500.40,N/A,44950.20,47826.50,47408.60
08/12/2021,44962.20,N/A,45916.80,45012.10,44242.40
08/11/2021,46123.50,N/A,45585.10,46213.80,45432.50
08/10/2021,45600.40,N/A,45714.80,45983.00,45367.90
08/09/2021,45689.80,N/A,43504.90,46663.40,45659.40
08/08/2021,43552.40,N/A,44327.70,43958.60,42824.10
08/07/2021,44307.80,N/A,43712.70,44749.50,43842.50
08/06/2021,43672.90,N/A,40223.30,43707.40,42611.00
08/05/2021,40166.60,N/A,39433.60,40979.00,39967.40
08/04/2021,39431.30,N/A,37972.10,39834.20,39202.60
08/03/2021,38054.80,N/A,38653.80,38555.50,37904.40
08/02/2021,38569.70,N/A,39789.50,39766.60,38543.50
08/01/2021,39782.50,N/A,42446.50,40078.50,39306.90
07/31/2021,42281.80,N/A,41818.00,42361.80,41123.80
07/30/2021,41914.80,N/A,39981.70,42285.30,41645.50
07/29/2021,39976.30,N/A,39657.80,40245.60,39769.80
07/28/2021,39740.40,N/A,39845.00,40205.20,39340.80
07/27/2021,39831.30,N/A,36552.00,40296.40,38946.60
07/26/2021,36914.20,N/A,38072.60,37514.90,36427.40
07/25/2021,38138.00,N/A,33824.80,39639.90,35236.70
07/24/2021,34234.50,N/A,33670.30,34302.50,33956.80
07/23/2021,33611.30,N/A,32591.50,33776.70,33412.90
07/22/2021,32537.40,N/A,31941.10,32746.20,32215.00
07/21/2021,31960.10,N/A,29841.30,32352.30,31803.10
07/20/2021,29849.90,N/A,29609.50,29901.80,29519.30
07/19/2021,29619.30,N/A,31553.70,31040.80,29574.00
07/18/2021,31577.70,N/A,32151.50,31838.70,31462.80
07/17/2021,32132.10,N/A,31310.20,32408.20,31490.20
07/16/2021,31326.60,N/A,31899.80,31616.80,31207.80
07/15/2021,31906.40,N/A,32760.40,32016.90,31581.10
07/14/2021,32711.80,N/A,32543.10,33157.00,32657.70
07/13/2021,31785.00,N/A,33075.90,32778.80,31695.80
07/12/2021,33139.40,N/A,34267.60,33220.40,32839.50
07/11/2021,34504.40,N/A,33535.60,34507.90,34077.10
07/10/2021,33461.40,N/A,33725.00,33794.90,33434.40
07/09/2021,33827.80,N/A,32747.00,34221.00,33678.00
07/08/2021,32956.60,N/A,33372.90,32993.50,32367.00
07/07/2021,33359.60,N/A,34444.30,33923.20,33095.90
07/06/2021,34428.10,N/A,33923.30,34495.70,33966.60
07/05/2021,33883.20,N/A,34371.60,34157.40,33669.50
07/04/2021,34334.70,N/A,34742.80,35300.50,34309.20
07/03/2021,34771.60,N/A,33299.00,34909.80,33363.30
07/02/2021,33396.00,N/A,32909.50,33895.10,33363.30
07/01/2021,32895.60,N/A,34155.10,33925.90,32778.70
06/30/2021,34202.60,N/A,35071.70,35030.70,34174.50
06/29/2021,35254.70,N/A,34584.10,36089.50,35148.90
06/28/2021,34555.30,N/A,34396.10,35125.80,34247.60
06/27/2021,34458.70,N/A,33152.60,34884.00,34319.50
06/26/2021,33189.60,N/A,32000.00,33192.30,32041.70
06/25/2021,32063.60,N/A,35103.50,32214.20,31360.10
06/24/2021,35098.70,N/A,32612.90,35490.90,34304.20
06/23/2021,32466.30,N/A,33989.20,33798.60,32376.20
06/22/2021,33811.70,N/A,33028.20,34236.20,31736.50
06/21/2021,33025.60,N/A,34691.00,33181.20,31216.00
06/20/2021,34681.00,N/A,35531.90,35708.40,34676.10
06/19/2021,35636.20,N/A,35084.10,35788.10,35176.20
06/18/2021,34963.50,N/A,37925.60,36283.50,34845.50
06/17/2021,37940.20,N/A,38862.50,38166.00,37231.80
06/16/2021,38834.50,N/A,40031.80,38963.70,38231.40
06/15/2021,40023.90,N/A,40403.50,40167.50,39645.30
06/14/2021,40479.30,N/A,38995.20,40838.10,39920.00
06/13/2021,38826.40,N/A,34881.80,39784.60,38769.90
06/12/2021,34950.80,N/A,35585.40,35903.90,34876.10
06/11/2021,35339.50,N/A,36758.60,37437.30,35335.80
06/10/2021,36665.90,N/A,36955.50,37177.30,36003.30
06/09/2021,37012.90,N/A,32881.00,37595.30,36759.80
06/08/2021,32952.30,N/A,32819.60,33502.80,32428.60
06/07/2021,32869.00,N/A,36384.00,34047.80,32447.00
06/06/2021,36404.70,N/A,36002.20,36754.60,35576.30
06/05/2021,35968.90,N/A,37400.30,36225.50,35421.50
06/04/2021,37419.30,N/A,37928.20,37811.30,36666.80
06/03/2021,37877.10,N/A,37636.00,39255.40,37442.60
06/02/2021,37581.70,N/A,36479.50,37812.70,37193.60
06/01/2021,36395.60,N/A,36699.50,36856.20,35981.10
05/31/2021,36617.30,N/A,34503.30,37850.30,36539.10
05/30/2021,34408.70,N/A,34780.30,35931.90,34330.20
05/29/2021,34670.70,N/A,36465.50,34773.60,33441.00
05/28/2021,36324.70,N/A,38279.00,36717.80,35651.40
05/27/2021,37973.80,N/A,37616.50,38844.10,37790.40
05/26/2021,37470.00,N/A,39562.90,39249.00,37190.80
05/25/2021,39444.50,N/A,38360.30,39497.30,37847.00
05/24/2021,38288.40,N/A,35268.60,39740.80,37875.10
05/23/2021,35298.30,N/A,37460.40,35863.10,34715.30
05/22/2021,37436.40,N/A,36979.40,38248.70,36822.90
05/21/2021,36906.30,N/A,40710.80,38056.80,36606.70
05/20/2021,40779.50,N/A,38170.60,42108.30,40521.50
05/19/2021,38220.10,N/A,40491.10,38573.30,35010.40
05/18/2021,40569.00,N/A,45042.40,43516.60,40164.20
05/17/2021,44847.20,N/A,44482.00,45231.40,43186.80
05/16/2021,43493.40,N/A,48167.20,46545.40,43072.50
05/15/2021,47875.90,N/A,50046.30,48323.80,46574.60
05/14/2021,49762.80,N/A,49176.20,50640.90,49303.70
05/13/2021,49391.50,N/A,50260.70,50387.30,49258.00
05/12/2021,49715.20,N/A,57762.70,50843.00,46331.10
05/11/2021,57752.60,N/A,55164.20,57753.00,56597.10
05/10/2021,55126.40,N/A,59400.60,56384.20,54550.40
05/09/2021,59352.40,N/A,58585.30,59426.60,58066.00
05/08/2021,58976.30,N/A,58110.50,59227.00,58391.40
05/07/2021,58058.10,N/A,55732.00,58412.90,56972.20
05/06/2021,55920.00,N/A,56835.90,57080.70,55533.70
05/05/2021,56860.90,N/A,55024.50,57560.80,56623.50
05/04/2021,55085.60,N/A,55745.70,55088.10,53872.50
05/03/2021,55470.20,N/A,57953.70,57201.30,54735.30
05/02/2021,57961.50,N/A,56532.20,58261.40,56562.40
05/01/2021,56591.00,N/A,58189.80,57868.40,56556.10
04/30/2021,58188.80,N/A,53706.00,58449.40,57528.90
04/29/2021,53667.00,N/A,54270.40,53802.70,53088.70
04/28/2021,54165.80,N/A,54818.70,55173.70,54164.40
04/27/2021,55019.80,N/A,53505.30,55718.80,54871.90
04/26/2021,53527.90,N/A,52388.10,54120.60,53431.10
04/25/2021,52265.60,N/A,49690.80,52420.90,48815.90
04/24/2021,49705.90,N/A,50128.70,50438.80,49658.60
04/23/2021,50207.00,N/A,50294.70,51183.00,49380.60
04/22/2021,50197.10,N/A,53456.30,52099.90,48788.30
04/21/2021,53351.40,N/A,55256.90,54606.20,52585.90
04/20/2021,55500.50,N/A,54709.00,56764.40,55447.90
04/19/2021,54759.90,N/A,57060.20,55776.80,54404.60
04/18/2021,57230.40,N/A,55371.50,57275.20,55767.00
04/17/2021,53728.90,N/A,62404.80,60362.10,51817.60
04/16/2021,62376.30,N/A,62936.80,62509.10,61155.60
04/15/2021,63063.30,N/A,63055.80,63518.50,62738.30
04/14/2021,63001.10,N/A,63715.30,63347.30,62361.70
04/13/2021,63809.00,N/A,60496.30,63818.70,63080.70
04/12/2021,60535.50,N/A,60350.40,61068.30,59839.40
04/11/2021,60211.20,N/A,60267.10,60311.30,59598.20
04/10/2021,60319.80,N/A,59206.40,60667.10,59640.80
04/09/2021,59119.40,N/A,58010.70,59149.90,57900.00
04/08/2021,58081.20,N/A,56565.90,58391.30,57832.90
04/07/2021,56580.90,N/A,57900.40,56674.60,55721.60
04/06/2021,57907.10,N/A,58611.70,58192.70,57286.90
04/05/2021,58800.40,N/A,57452.10,59487.00,58662.00
04/04/2021,57555.10,N/A,57541.40,58355.00,57497.60
04/03/2021,57325.10,N/A,59216.60,57448.90,56470.60
04/02/2021,59205.30,N/A,59676.40,59414.00,58948.50
04/01/2021,59733.70,N/A,59083.40,60134.90,58496.30
03/31/2021,58995.80,N/A,58673.70,59309.80,58738.90
03/30/2021,58534.60,N/A,57320.00,59030.20,58429.80
03/29/2021,57141.00,N/A,55344.10,57752.70,57128.30
03/28/2021,55393.90,N/A,55791.90,55899.40,55002.90
03/27/2021,56133.60,N/A,54786.90,56174.80,55645.50
03/26/2021,54751.70,N/A,51667.20,55532.10,54551.80
03/25/2021,52428.50,N/A,52189.30,52669.20,51306.10
03/24/2021,52136.70,N/A,54447.10,52763.00,51561.30
03/23/2021,54444.70,N/A,54517.90,54716.80,53579.10
03/22/2021,54577.00,N/A,57558.10,55287.50,53842.10
03/21/2021,57316.40,N/A,57809.80,57443.40,56357.50
03/20/2021,57754.50,N/A,58419.70,58583.80,57471.40
03/19/2021,58296.20,N/A,57773.00,58877.50,57863.00
03/18/2021,57859.30,N/A,58724.50,57876.50,56305.10
03/17/2021,58727.60,N/A,55489.50,59489.40,58621.90
03/16/2021,55835.20,N/A,54277.30,57121.00,55683.40
03/15/2021,54269.40,N/A,60347.50,56024.10,53342.60
03/14/2021,60375.50,N/A,61350.20,60459.90,58859.00
03/13/2021,61218.90,N/A,56865.60,61673.70,60755.80
03/12/2021,56485.10,N/A,56702.60,57271.80,56118.80
03/11/2021,56710.60,N/A,55812.70,58052.30,56545.90
03/10/2021,55667.10,N/A,53694.30,56461.00,55168.10
03/09/2021,53565.50,N/A,53714.10,55772.30,53187.50
03/08/2021,53878.40,N/A,50450.80,54077.90,51941.30
03/07/2021,50411.20,N/A,49485.60,51801.10,50141.40
03/06/2021,49501.20,N/A,48467.10,49881.40,48890.60
03/05/2021,48447.70,N/A,46677.40,49132.70,48166.40
03/04/2021,47132.00,N/A,49029.80,48363.60,46370.10
03/03/2021,49278.10,N/A,49126.20,51757.70,49111.50
03/02/2021,49207.50,N/A,49161.10,49309.10,48159.20
03/01/2021,49053.00,N/A,46464.40,50191.90,48662.20
02/28/2021,46566.60,N/A,44403.50,46809.50,45008.80
02/27/2021,44741.00,N/A,47686.90,46582.00,44346.90
02/26/2021,47762.90,N/A,47011.80,48018.50,46205.20
02/25/2021,47020.00,N/A,49651.90,47749.10,46051.20
02/24/2021,49822.70,N/A,50783.00,50857.80,49597.90
02/23/2021,50884.30,N/A,50636.70,51299.10,47031.70
02/22/2021,50379.00,N/A,55807.30,54115.00,50161.20
02/21/2021,55531.80,N/A,56715.90,57480.50,55128.50
02/20/2021,56537.30,N/A,55829.60,56895.20,55502.70
02/19/2021,55941.90,N/A,51162.80,56552.60,55415.10
02/18/2021,51137.30,N/A,52170.70,51925.30,50816.80
02/17/2021,52070.70,N/A,49360.20,52524.00,51731.30
02/16/2021,49273.40,N/A,49349.40,50209.60,49018.10
02/15/2021,49224.30,N/A,46875.70,49951.00,47044.40
02/14/2021,46784.50,N/A,47558.10,48936.50,45786.10
02/13/2021,47564.10,N/A,47840.00,47698.30,47051.90
02/12/2021,47856.30,N/A,47309.60,48097.30,47271.00
02/11/2021,47123.70,N/A,44648.80,48927.40,46950.90
02/10/2021,44618.50,N/A,46022.30,44993.50,44041.00
02/09/2021,46010.70,N/A,46841.30,46865.50,45652.10
02/08/2021,46400.50,N/A,38596.30,47405.30,45603.30
02/07/2021,38611.70,N/A,38328.50,39123.60,38057.00
02/06/2021,37990.10,N/A,39208.20,39611.90,37987.20
02/05/2021,39259.40,N/A,37284.70,39653.10,38275.30
02/04/2021,37299.40,N/A,37696.70,37488.40,36640.00
02/03/2021,37634.50,N/A,36618.40,38298.50,37375.90
02/02/2021,36609.20,N/A,33904.70,36843.50,35401.50
02/01/2021,33869.60,N/A,33554.30,34150.40,33462.40
01/31/2021,33580.30,N/A,34031.80,33937.70,32324.90
01/30/2021,33930.30,N/A,33512.00,34348.30,33687.30
01/29/2021,33424.50,N/A,33762.70,34920.90,32908.50
01/28/2021,33093.10,N/A,31342.00,34325.80,32839.80
01/27/2021,31258.10,N/A,31887.70,31602.00,29911.90
01/26/2021,31721.70,N/A,32027.90,32545.40,31556.20
01/25/2021,32007.50,N/A,33397.70,32820.10,31493.30
01/24/2021,33348.70,N/A,32838.30,33739.50,32205.10
01/23/2021,32659.80,N/A,32598.50,32702.90,31692.50
01/22/2021,32635.20,N/A,30933.80,32994.10,32088.20
01/21/2021,30812.80,N/A,34249.90,31380.00,28871.20
01/20/2021,34462.60,N/A,35261.10,35591.10,34256.80
01/19/2021,35386.80,N/A,36332.80,36384.40,34857.00
01/18/2021,36406.60,N/A,35132.90,37270.50,36360.30
01/17/2021,34976.60,N/A,35857.60,36195.20,34890.70
01/16/2021,35955.70,N/A,36582.20,36723.70,35592.70
01/15/2021,36549.40,N/A,38459.40,37608.60,36022.90
01/14/2021,38569.20,N/A,37485.30,39715.00,38354.60
01/13/2021,37370.90,N/A,33179.30,38133.20,36772.10
01/12/2021,33168.20,N/A,35278.40,34297.00,32451.90
01/11/2021,34771.40,N/A,35567.40,35490.00,33729.60
01/10/2021,35633.70,N/A,40378.20,38217.20,33688.80
01/09/2021,40390.80,N/A,40236.90,41362.40,40149.70
01/08/2021,40378.70,N/A,38721.80,40950.20,39556.70
01/07/2021,38713.30,N/A,37492.90,39701.20,36613.40
01/06/2021,37490.00,N/A,35320.30,37714.80,36494.10
01/05/2021,35228.70,N/A,30918.30,35739.40,33408.30
01/04/2021,31381.10,N/A,33288.90,32846.90,30460.50
01/03/2021,33328.70,N/A,33238.90,33587.50,32453.10
01/02/2021,32861.60,N/A,29382.60,32884.70,32029.60
01/01/2021,29400.60,N/A,29245.00,29496.70,29008.00
12/31/2020,29238.80,N/A,29024.80,29482.30,28724.30
12/30/2020,28940.60,N/A,27903.60,29298.80,28334.20
12/29/2020,27838.50,N/A,26443.70,28192.60,27377.00
12/28/2020,26381.20,N/A,26847.40,27089.40,26205.10
12/27/2020,26946.10,N/A,26715.10,27331.60,26144.30
12/26/2020,26710.90,N/A,24811.20,26937.50,26438.40
12/25/2020,24911.20,N/A,23603.60,25011.00,24515.10
12/24/2020,23577.70,N/A,23023.40,23814.10,23445.30
12/23/2020,22977.40,N/A,23470.00,23253.20,22737.30
12/22/2020,23516.60,N/A,22948.20,24028.90,23500.70
12/21/2020,22954.20,N/A,23912.50,23060.80,22481.00
12/20/2020,23901.20,N/A,23410.00,24101.90,23321.10
12/19/2020,23300.30,N/A,23047.10,23843.60,23098.90
12/18/2020,23083.20,N/A,22867.70,23229.10,22923.10
12/17/2020,22947.30,N/A,21786.20,23241.30,22493.90
12/16/2020,21837.60,N/A,19335.00,22148.40,21243.10
12/15/2020,19381.20,N/A,19484.80,19491.70,19299.70
12/14/2020,19309.30,N/A,19265.10,19556.30,19250.30
12/13/2020,19083.00,N/A,18790.90,19326.20,19007.00
12/12/2020,18867.20,N/A,18277.10,18883.60,18716.80
12/11/2020,18384.00,N/A,17962.60,18390.10,18025.10
12/10/2020,17984.00,N/A,18400.60,18288.30,17733.80
12/09/2020,18455.50,N/A,18153.80,18551.80,18339.60
12/08/2020,18217.90,N/A,19182.50,18371.50,18053.00
12/07/2020,19178.50,N/A,19290.00,19236.00,19141.10
12/06/2020,19288.80,N/A,19191.30,19424.60,19166.90
12/05/2020,19203.70,N/A,18816.80,19340.10,19141.00
12/04/2020,18884.10,N/A,19170.80,18921.30,18507.10
12/03/2020,19288.20,N/A,19040.90,19529.50,19140.20
12/02/2020,19065.40,N/A,18519.10,19295.00,18954.60
12/01/2020,18507.30,N/A,19380.40,18954.50,18346.70
11/30/2020,19466.80,N/A,18535.00,19717.60,19366.80
11/29/2020,18511.30,N/A,17771.70,18616.70,18186.00
11/28/2020,17791.70,N/A,16969.40,17864.00,17530.40
11/27/2020,16938.70,N/A,17070.30,17191.50,16915.90
11/26/2020,17071.30,N/A,17757.10,17450.30,17037.80
11/25/2020,17777.10,N/A,18690.90,18894.90,17279.70
11/24/2020,18779.60,N/A,18448.20,19216.60,18769.40
11/23/2020,18423.70,N/A,18461.30,18527.70,18230.00
11/22/2020,18453.40,N/A,18593.90,18516.70,18016.00
11/21/2020,18582.40,N/A,18583.10,18751.50,18367.60
11/20/2020,18614.60,N/A,18195.00,18966.00,18467.50
11/19/2020,18180.00,N/A,17847.30,18225.40,17758.40
11/18/2020,17843.50,N/A,18377.90,18054.80,17594.60
11/17/2020,18376.80,N/A,16672.60,18393.20,17613.20
11/16/2020,16648.20,N/A,16032.50,16825.90,16562.00
11/15/2020,16004.30,N/A,15937.40,16042.10,15870.70
11/14/2020,15924.20,N/A,16149.60,16102.30,15879.50
11/13/2020,16116.80,N/A,16405.10,16328.20,16111.20
11/12/2020,16395.10,N/A,15666.20,16474.10,16270.70
11/11/2020,15659.10,N/A,15372.50,15712.10,15483.50
11/10/2020,15385.20,N/A,15385.10,15497.50,15281.00
11/09/2020,15396.90,N/A,15385.70,15431.20,15192.70
11/08/2020,15395.60,N/A,14967.70,15598.40,15364.20
11/07/2020,15030.20,N/A,15556.50,15106.50,14720.70
11/06/2020,15498.70,N/A,15463.30,15754.40,15471.10
11/05/2020,15548.20,N/A,14293.30,15955.20,15433.00
11/04/2020,14292.50,N/A,13908.90,14358.60,14099.70
11/03/2020,13897.30,N/A,13419.70,14034.50,13704.80
11/02/2020,13419.00,N/A,13698.90,13640.20,13321.20
11/01/2020,13666.50,N/A,13677.20,13828.40,13655.00
10/31/2020,13659.00,N/A,13491.70,13889.50,13659.00
10/30/2020,13471.30,N/A,13434.00,13731.50,13441.70
10/29/2020,13452.70,N/A,13280.80,13655.70,13363.10
10/28/2020,13266.60,N/A,13785.00,13308.60,13180.80
10/27/2020,13799.50,N/A,13082.20,13851.70,13637.30
10/26/2020,13090.00,N/A,13100.90,13125.20,13050.30
10/25/2020,13101.30,N/A,13298.60,13129.30,12982.50
10/24/2020,13303.90,N/A,12972.00,13343.90,13077.80
10/23/2020,12982.10,N/A,12966.30,13013.70,12876.40
10/22/2020,12958.20,N/A,12726.00,13005.10,12842.70
10/21/2020,12770.20,N/A,12187.80,12928.10,12718.10
10/20/2020,12195.90,N/A,11743.20,12232.60,11894.60
10/19/2020,11756.50,N/A,11421.20,11760.80,11685.70
10/18/2020,11430.90,N/A,11370.60,11529.80,11427.20
10/17/2020,11372.30,N/A,11365.60,11399.50,11349.80
10/16/2020,11355.20,N/A,11508.90,11358.00,11274.40
10/15/2020,11499.00,N/A,11377.50,11542.20,11474.90
10/14/2020,11376.50,N/A,11392.80,11426.40,11361.70
10/13/2020,11442.70,N/A,11457.40,11485.60,11413.80
10/12/2020,11469.10,N/A,11386.40,11540.40,11436.90
10/11/2020,11395.50,N/A,11333.00,11408.80,11348.50
10/10/2020,11327.20,N/A,11410.80,11394.50,11277.60
10/09/2020,11419.80,N/A,10889.90,11475.00,11053.50
10/08/2020,10896.30,N/A,10642.50,10939.10,10868.40
10/07/2020,10645.40,N/A,10577.10,10672.10,10619.90
10/06/2020,10588.90,N/A,10766.70,10604.30,10553.30
10/05/2020,10778.50,N/A,10667.20,10800.30,10743.20
10/04/2020,10684.20,N/A,10547.20,10729.90,10659.40
10/03/2020,10545.40,N/A,10556.60,10560.30,10520.80
10/02/2020,10552.70,N/A,10646.80,10576.80,10523.40
10/01/2020,10613.60,N/A,10798.40,10627.60,10585.90
09/30/2020,10801.90,N/A,10747.70,10855.50,10776.60
09/29/2020,10768.50,N/A,10688.60,10847.70,10757.20
09/28/2020,10697.80,N/A,10908.70,10728.50,10667.80
09/27/2020,10895.80,N/A,10779.40,10946.60,10776.40
09/26/2020,10778.70,N/A,10710.30,10799.20,10722.40
09/25/2020,10706.40,N/A,10710.70,10745.60,10650.20
09/24/2020,10685.40,N/A,10299.50,10753.50,10685.40
09/23/2020,10300.20,N/A,10515.50,10336.10,10201.00
09/22/2020,10485.90,N/A,10445.50,10535.00,10485.40
09/21/2020,10450.90,N/A,10963.60,10488.60,10374.40
09/20/2020,10957.90,N/A,10950.70,10977.00,10895.70
09/19/2020,10950.50,N/A,10977.60,11081.60,10908.50
09/18/2020,10960.00,N/A,10927.10,10977.80,10933.10
09/17/2020,10938.20,N/A,10873.60,10956.30,10890.80
09/16/2020,10887.40,N/A,10780.90,11039.30,10885.80
09/15/2020,10762.20,N/A,10752.00,10790.10,10669.20
09/14/2020,10739.20,N/A,10352.10,10832.30,10652.90
09/13/2020,10353.00,N/A,10551.70,10369.30,10264.50
09/12/2020,10546.30,N/A,10344.10,10556.30,10411.20
09/11/2020,10351.70,N/A,10218.40,10393.50,10326.00
09/10/2020,10222.90,N/A,10377.40,10377.50,10212.60
09/09/2020,10365.60,N/A,10028.20,10408.90,10219.20
09/08/2020,10000.40,N/A,10305.40,10149.00,9984.60
09/07/2020,10305.70,N/A,10205.30,10434.40,10305.50
09/06/2020,10195.30,N/A,10169.20,10296.40,10193.90
09/05/2020,10169.70,N/A,10411.50,10239.90,10067.40
09/04/2020,10432.40,N/A,10249.00,10558.70,10392.30
09/03/2020,10249.60,N/A,11375.50,10329.90,10098.10
09/02/2020,11375.10,N/A,11830.20,11437.40,11359.00
09/01/2020,11844.40,N/A,11682.80,11947.50,11821.60
08/31/2020,11674.80,N/A,11669.10,11692.00,11544.60
08/30/2020,11668.40,N/A,11603.00,11712.20,11659.30
08/29/2020,11600.80,N/A,11502.00,11623.60,11462.60
08/28/2020,11496.20,N/A,11379.30,11539.80,11468.20
08/27/2020,11368.00,N/A,11390.20,11396.10,11281.90
08/26/2020,11401.60,N/A,11365.20,11479.70,11367.40
08/25/2020,11350.20,N/A,11673.40,11401.00,11256.80
